年月日,降水量の合計(mm),平均気温(℃)
2009/3/20,2.5,13.0
2009/3/21,0.0,9.6
2009/3/22,2.5,12.4
2009/3/23,0.0,11.2
2009/3/24,0.0,7.4
2009/3/25,4.0,5.9
2009/3/26,0.0,6.1
2009/3/27,0.0,5.3
2009/3/28,0.0,5.8
2009/3/29,0.0,6.8
2009/3/30,0.0,7.8
2009/3/31,0.0,9.3
2009/4/1,7.5,8.1
2009/4/2,0.5,8.6
2009/4/3,0.0,10.5
2009/4/4,0.0,11.5
2009/4/5,0.0,12.1
2009/4/6,0.0,12.7
2009/4/7,0.0,14.2
2009/4/8,0.0,14.1
2009/4/9,0.0,16.5
2009/4/10,0.0,15.7
2009/4/11,0.0,16.8
2009/4/12,0.0,15.5
2009/4/13,0.0,17.2
2009/4/14,24.0,15.7
2009/4/15,2.5,17.6
2009/4/16,0.0,16.0
2009/4/17,5.0,10.8
2009/4/18,0.0,13.6
2009/4/19,0.0,15.9
2009/4/20,0.0,14.9
2009/4/21,25.0,15.5
2009/4/22,0.0,18.1
2009/4/23,0.0,14.5
2009/4/24,1.5,11.6
2009/4/25,52.0,9.8
2009/4/26,0.0,15.6
2009/4/27,0.0,11.8
2009/4/28,0.0,12.1
2009/4/29,0.0,13.4
2009/4/30,0.0,15.8
2009/5/1,0.0,16.9
2009/5/2,0.0,18.2
2009/5/3,0.0,17.9
2009/5/4,0.0,18.1
2009/5/5,11.5,15.8
2009/5/6,27.5,14.5
2009/5/7,7.5,15.0
2009/5/8,14.5,16.3
2009/5/9,0.0,18.8
2009/5/10,0.0,22.0
2009/5/11,0.0,20.6
2009/5/12,0.0,20.5
2009/5/13,0.0,20.1
2009/5/14,0.0,17.0
2009/5/15,0.0,15.4
2009/5/16,0.0,15.5
2009/5/17,2.5,18.6
2009/5/18,0.0,22.2
2009/5/19,0.0,19.5
2009/5/20,0.0,21.8
2009/5/21,0.0,21.9
2009/5/22,0.0,21.3
2009/5/23,10.0,21.7
2009/5/24,2.5,17.6
2009/5/25,0.5,18.3
2009/5/26,0.0,19.7
2009/5/27,0.0,20.1
2009/5/28,30.0,17.0
2009/5/29,38.0,16.2
2009/5/30,6.5,17.9
2009/5/31,1.5,18.8
2009/6/1,0.0,17.7
2009/6/2,0.0,19.0
2009/6/3,0.0,19.6
2009/6/4,0.0,19.9
2009/6/5,5.5,17.9
2009/6/6,9.0,19.2
2009/6/7,0.0,22.2
2009/6/8,2.5,17.5
2009/6/9,0.0,20.2
2009/6/10,0.0,21.7
2009/6/11,8.0,19.7
2009/6/12,0.0,21.1
2009/6/13,0.0,22.2
2009/6/14,1.0,20.7
2009/6/15,20.0,19.5
2009/6/16,25.0,18.5
2009/6/17,0.0,20.2
2009/6/18,0.0,19.4
2009/6/19,0.0,21.9
2009/6/20,0.0,22.2
2009/6/21,11.5,21.9
2009/6/22,3.5,22.6
2009/6/23,1.0,25.8
2009/6/24,20.5,22.6
2009/6/25,0.0,23.2
2009/6/26,0.0,25.1
2009/6/27,0.0,25.3
2009/6/28,13.5,22.0
2009/6/29,0.0,25.1
2009/6/30,3.0,21.9
2009/7/1,2.5,21.5
2009/7/2,3.0,20.3
2009/7/3,2.5,21.5
2009/7/4,2.0,23.5
2009/7/5,0.0,22.7
2009/7/6,7.5,22.0
2009/7/7,0.0,25.7
2009/7/8,0.5,25.1
2009/7/9,1.0,25.9
2009/7/10,0.0,27.0
2009/7/11,0.0,23.3
2009/7/12,0.0,23.5
2009/7/13,0.0,26.5
2009/7/14,0.0,26.5
2009/7/15,0.0,28.7
2009/7/16,0.0,28.4
2009/7/17,10.0,24.3
2009/7/18,0.0,25.7
2009/7/19,0.0,26.7
2009/7/20,0.0,25.5
2009/7/21,3.0,21.5
2009/7/22,4.0,22.7
2009/7/23,17.5,23.5
2009/7/24,36.0,23.9
2009/7/25,1.0,26.6
2009/7/26,0.0,27.9
2009/7/27,7.0,25.1
2009/7/28,8.0,24.8
2009/7/29,0.0,26.4
2009/7/30,0.0,26.6
2009/7/31,4.5,22.5
2009/8/1,0.0,23.7
2009/8/2,19.0,22.5
2009/8/3,0.0,25.2
2009/8/4,0.0,25.4
2009/8/5,0.0,26.5
2009/8/6,0.0,26.5
2009/8/7,48.5,26.3
2009/8/8,0.0,25.3
2009/8/9,1.5,26.0
2009/8/10,46.5,25.9
2009/8/11,0.5,25.7
2009/8/12,0.0,25.9
2009/8/13,0.0,27.3
2009/8/14,0.0,27.7
2009/8/15,0.0,26.1
2009/8/16,0.0,26.3
2009/8/17,0.0,25.5
2009/8/18,0.0,25.9
2009/8/19,0.0,25.7
2009/8/20,0.0,26.0
2009/8/21,0.0,26.0
2009/8/22,6.5,26.8
2009/8/23,0.0,24.8
2009/8/24,5.0,24.2
2009/8/25,0.0,23.3
2009/8/26,0.0,22.9
2009/8/27,0.0,23.9
2009/8/28,0.0,25.2
2009/8/29,8.5,26.1
2009/8/30,10.5,22.2
2009/8/31,67.5,18.8
2009/9/1,0.0,24.6
2009/9/2,0.0,20.3
2009/9/3,0.0,21.0
2009/9/4,1.5,20.8
2009/9/5,0.0,23.1
2009/9/6,0.0,23.6
2009/9/7,0.0,23.6
2009/9/8,0.0,24.2
2009/9/9,0.0,21.3
2009/9/10,0.0,21.1
2009/9/11,0.0,21.5
2009/9/12,1.5,19.6
2009/9/13,0.0,22.1
2009/9/14,0.0,21.4
2009/9/15,0.0,19.8
2009/9/16,0.0,23.2
2009/9/17,0.0,21.2
2009/9/18,0.0,19.5
2009/9/19,0.0,20.7
2009/9/20,0.0,22.0
2009/9/21,0.0,19.3
2009/9/22,0.0,21.5
2009/9/23,0.0,22.0
2009/9/24,0.0,21.7
2009/9/25,0.0,21.5
2009/9/26,0.0,21.7
2009/9/27,0.0,21.1
2009/9/28,0.0,21.8
2009/9/29,1.0,20.6
2009/9/30,10.5,18.5
2009/10/1,0.5,19.4
2009/10/2,11.0,17.9
2009/10/3,8.0,20.2
2009/10/4,0.0,20.4
2009/10/5,8.5,17.2
2009/10/6,16.5,16.7
2009/10/7,27.5,16.1
2009/10/8,98.5,19.7
2009/10/9,0.0,19.4
2009/10/10,0.0,15.0
2009/10/11,0.0,16.6
2009/10/12,0.0,16.5
2009/10/13,0.0,17.2
2009/10/14,7.0,16.2
2009/10/15,0.0,16.2
2009/10/16,0.0,15.7
2009/10/17,0.0,15.9
2009/10/18,0.0,17.5
2009/10/19,0.0,16.7
2009/10/20,0.0,17.5
2009/10/21,0.0,16.3
2009/10/22,0.0,15.3
2009/10/23,0.0,15.7
2009/10/24,4.5,14.5
2009/10/25,1.5,13.0
2009/10/26,53.5,13.9
2009/10/27,1.0,17.2
2009/10/28,0.0,15.3
2009/10/29,0.0,15.6
2009/10/30,0.0,16.5
2009/10/31,0.0,15.4
2009/11/1,3.0,17.0
2009/11/2,1.5,11.5
2009/11/3,0.5,8.2
2009/11/4,0.0,8.6
2009/11/5,0.0,10.7
2010/3/20,0.0,13.6
2010/3/21,0.0,13.7
2010/3/22,0.0,8.2
2010/3/23,2.0,9.8
2010/3/24,27.5,5.7
2010/3/25,20.5,4.6
2010/3/26,5.0,6.3
2010/3/27,0.0,6.3
2010/3/28,0.0,4.5
2010/3/29,0.0,3.7
2010/3/30,0.0,4.4
2010/3/31,0.0,5.7
2010/4/1,0.0,12.4
2010/4/2,0.0,14.1
2010/4/3,0.0,9.4
2010/4/4,0.0,6.7
2010/4/5,11.5,8.2
2010/4/6,0.5,12.6
2010/4/7,5.0,9.7
2010/4/8,0.0,8.1
2010/4/9,0.0,9.6
2010/4/10,0.0,13.9
2010/4/11,1.0,15.2
2010/4/12,23.0,7.9
2010/4/13,3.5,14.7
2010/4/14,0.0,11.5
2010/4/15,5.5,5.8
2010/4/16,11.0,3.9
2010/4/17,23.5,5.6
2010/4/18,0.0,9.9
2010/4/19,0.0,13.4
2010/4/20,6.0,13.8
2010/4/21,1.0,16.7
2010/4/22,14.0,8.1
2010/4/23,3.5,7.5
2010/4/24,0.0,9.9
2010/4/25,0.0,10.6
2010/4/26,0.0,13.6
2010/4/27,14.5,10.4
2010/4/28,41.0,12.3
2010/4/29,0.0,16.6
2010/4/30,0.0,13.5
2010/5/1,0.0,14.0
2010/5/2,0.0,15.4
2010/5/3,0.0,16.8
2010/5/4,0.0,18.8
2010/5/5,0.0,20.6
2010/5/6,0.0,21.1
2010/5/7,1.0,18.8
2010/5/8,0.0,18.8
2010/5/9,0.0,19.1
2010/5/10,0.0,17.4
2010/5/11,13.0,14.7
2010/5/12,4.0,15.0
2010/5/13,0.0,13.9
2010/5/14,0.0,14.4
2010/5/15,0.0,13.9
2010/5/16,0.0,16.0
2010/5/17,0.0,19.1
2010/5/18,0.0,20.4
2010/5/19,13.5,18.6
2010/5/20,17.0,19.3
2010/5/21,0.0,22.4
2010/5/22,0.0,21.5
2010/5/23,28.0,16.6
2010/5/24,25.5,16.0
2010/5/25,0.0,21.6
2010/5/26,12.5,15.9
2010/5/27,5.5,16.9
2010/5/28,0.0,17.8
2010/5/29,1.5,13.8
2010/5/30,0.5,13.1
2010/5/31,0.0,16.4
2010/6/1,0.0,17.6
2010/6/2,0.0,18.5
2010/6/3,0.0,19.4
2010/6/4,1.0,19.8
2010/6/5,0.0,19.0
2010/6/6,0.0,20.4
2010/6/7,0.0,21.4
2010/6/8,0.0,19.7
2010/6/9,2.5,19.2
2010/6/10,1.0,21.4
2010/6/11,0.0,21.4
2010/6/12,0.0,23.7
2010/6/13,0.0,21.8
2010/6/14,21.5,17.3
2010/6/15,1.5,22.1
2010/6/16,10.0,25.0
2010/6/17,0.0,25.2
2010/6/18,18.0,23.1
2010/6/19,8.0,23.6
2010/6/20,0.0,25.3
2010/6/21,0.0,25.1
2010/6/22,0.0,25.2
2010/6/23,7.5,22.7
2010/6/24,0.0,23.9
2010/6/25,0.0,24.2
2010/6/26,3.0,24.1
2010/6/27,5.0,25.0
2010/6/28,2.0,26.0
2010/6/29,82.5,25.0
2010/6/30,32.0,24.5
2010/7/1,7.5,25.0
2010/7/2,0.5,24.0
2010/7/3,2.0,24.6
2010/7/4,15.0,26.2
2010/7/5,104.5,25.2
2010/7/6,2.0,25.6
2010/7/7,8.0,24.0
2010/7/8,0.0,25.7
2010/7/9,8.0,24.0
2010/7/10,0.0,26.0
2010/7/11,0.0,24.9
2010/7/12,0.0,26.6
2010/7/13,1.5,21.5
2010/7/14,5.5,22.7
2010/7/15,0.0,25.3
2010/7/16,0.0,26.7
2010/7/17,0.0,26.9
2010/7/18,0.0,27.1
2010/7/19,0.0,28.6
2010/7/20,0.0,29.6
2010/7/21,0.0,30.4
2010/7/22,5.5,29.7
2010/7/23,0.0,29.4
2010/7/24,0.5,29.0
2010/7/25,0.0,27.6
2010/7/26,0.5,26.8
2010/7/27,0.0,28.4
2010/7/28,0.0,28.8
2010/7/29,5.5,24.9
2010/7/30,4.0,26.0
2010/7/31,5.0,27.4
2010/8/1,0.0,28.9
2010/8/2,0.0,27.9
2010/8/3,0.0,28.5
2010/8/4,0.0,28.7
2010/8/5,0.0,29.2
2010/8/6,0.0,28.3
2010/8/7,0.0,27.7
2010/8/8,4.0,27.1
2010/8/9,25.0,25.1
2010/8/10,0.0,26.4
2010/8/11,0.0,28.2
2010/8/12,1.5,26.9
2010/8/13,7.5,26.0
2010/8/14,0.0,26.3
2010/8/15,0.0,28.8
2010/8/16,0.0,30.3
2010/8/17,0.0,30.5
2010/8/18,69.0,28.6
2010/8/19,2.0,27.3
2010/8/20,0.0,26.3
2010/8/21,0.0,27.6
2010/8/22,0.0,28.7
2010/8/23,0.0,29.0
2010/8/24,0.0,28.9
2010/8/25,0.0,28.7
2010/8/26,0.0,28.8
2010/8/27,0.0,28.6
2010/8/28,0.0,28.4
2010/8/29,0.0,28.3
2010/8/30,0.0,28.6
2010/8/31,0.0,28.9
2010/9/1,0.0,28.9
2010/9/2,0.0,28.4
2010/9/3,0.0,28.7
2010/9/4,0.0,29.8
2010/9/5,0.0,28.4
2010/9/6,0.0,29.1
2010/9/7,0.0,29.9
2010/9/8,31.0,23.8
2010/9/9,0.0,24.2
2010/9/10,0.0,24.8
2010/9/11,0.0,27.0
2010/9/12,0.0,27.5
2010/9/13,7.5,26.7
2010/9/14,41.0,24.8
2010/9/15,1.5,20.9
2010/9/16,68.5,19.0
2010/9/17,0.0,22.4
2010/9/18,0.0,24.3
2010/9/19,0.0,24.6
2010/9/20,0.0,24.2
2010/9/21,0.0,25.8
2010/9/22,0.0,27.1
2010/9/23,49.0,17.8
2010/9/24,0.0,17.0
2010/9/25,1.0,17.6
2010/9/26,6.0,17.7
2010/9/27,54.0,15.2
2010/9/28,40.5,18.5
2010/9/29,0.0,20.2
2010/9/30,13.0,17.8
2010/10/1,0.0,18.9
2010/10/2,0.0,19.7
2010/10/3,0.5,19.3
2010/10/4,1.5,18.4
2010/10/5,0.0,20.2
2010/10/6,0.0,20.0
2010/10/7,0.0,19.8
2010/10/8,0.0,19.6
2010/10/9,45.0,16.5
2010/10/10,18.0,19.5
2010/10/11,0.0,21.9
2010/10/12,0.0,20.8
2010/10/13,4.5,21.5
2010/10/14,0.0,19.9
2010/10/15,0.5,19.4
2010/10/16,0.0,19.7
2010/10/17,0.0,18.4
2010/10/18,0.0,17.2
2010/10/19,0.0,16.7
2010/10/20,0.0,16.9
2010/10/21,2.0,16.4
2010/10/22,0.0,16.0
2010/10/23,0.0,14.3
2010/10/24,6.0,13.8
2010/10/25,1.0,16.8
2010/10/26,0.5,15.3
2010/10/27,0.0,11.2
2010/10/28,25.0,8.9
2010/10/29,0.0,12.1
2010/10/30,60.0,11.6
2010/10/31,12.0,15.0
2010/11/1,53.0,15.6
2010/11/2,0.0,13.6
2010/11/3,0.0,12.0
2010/11/4,0.0,10.1
2010/11/5,0.0,11.9
2011/3/20,0.0,11.4
2011/3/21,19.0,7.9
2011/3/22,14.5,5.4
2011/3/23,3.5,5.5
2011/3/24,0.0,3.9
2011/3/25,0.0,5.7
2011/3/26,0.0,5.6
2011/3/27,0.0,4.9
2011/3/28,0.0,6.8
2011/3/29,0.0,8.6
2011/3/30,0.0,9.7
2011/3/31,0.0,8.0
2011/4/1,0.0,8.4
2011/4/2,0.0,11.1
2011/4/3,0.0,6.4
2011/4/4,0.0,7.3
2011/4/5,0.0,7.7
2011/4/6,0.0,11.1
2011/4/7,0.0,13.2
2011/4/8,0.0,16.7
2011/4/9,0.0,14.5
2011/4/10,0.0,12.9
2011/4/11,14.0,11.5
2011/4/12,0.0,9.3
2011/4/13,0.0,12.4
2011/4/14,0.0,14.7
2011/4/15,0.0,16.7
2011/4/16,0.0,16.7
2011/4/17,0.0,12.3
2011/4/18,0.5,13.4
2011/4/19,34.0,8.4
2011/4/20,0.0,9.8
2011/4/21,0.0,10.8
2011/4/22,0.0,13.6
2011/4/23,5.5,15.5
2011/4/24,0.0,14.6
2011/4/25,0.0,12.1
2011/4/26,0.0,12.8
2011/4/27,0.0,17.3
2011/4/28,0.0,18.1
2011/4/29,0.0,13.7
2011/4/30,0.0,15.3
2011/5/1,4.5,16.4
2011/5/2,0.0,17.6
2011/5/3,7.5,14.3
2011/5/4,0.0,15.7
2011/5/5,0.0,13.5
2011/5/6,0.0,14.6
2011/5/7,2.5,14.4
2011/5/8,0.0,19.4
2011/5/9,0.0,17.2
2011/5/10,1.5,19.9
2011/5/11,36.5,14.0
2011/5/12,9.0,14.4
2011/5/13,0.0,18.8
2011/5/14,0.0,18.9
2011/5/15,0.0,18.6
2011/5/16,0.0,17.5
2011/5/17,0.0,15.9
2011/5/18,0.0,17.8
2011/5/19,0.0,19.1
2011/5/20,0.0,20.9
2011/5/21,0.0,21.7
2011/5/22,12.5,18.4
2011/5/23,7.0,14.1
2011/5/24,22.5,13.5
2011/5/25,0.0,17.4
2011/5/26,6.0,17.0
2011/5/27,6.5,16.6
2011/5/28,18.5,17.1
2011/5/29,86.0,17.4
2011/5/30,17.5,17.0
2011/5/31,0.0,15.0
2011/6/1,0.0,13.7
2011/6/2,10.0,13.6
2011/6/3,0.5,18.7
2011/6/4,0.0,20.6
2011/6/5,19.0,20.2
2011/6/6,0.0,21.8
2011/6/7,0.0,20.0
2011/6/8,0.0,18.8
2011/6/9,4.0,20.2
2011/6/10,0.5,21.2
2011/6/11,19.0,21.3
2011/6/12,0.0,21.8
2011/6/13,23.5,20.5
2011/6/14,0.0,20.8
2011/6/15,0.0,20.1
2011/6/16,8.5,18.9
2011/6/17,15.0,18.0
2011/6/18,2.5,19.1
2011/6/19,0.5,20.5
2011/6/20,0.0,22.5
2011/6/21,2.0,24.2
2011/6/22,0.0,26.6
2011/6/23,3.0,26.5
2011/6/24,0.0,29.5
2011/6/25,13.0,23.4
2011/6/26,0.0,20.2
2011/6/27,0.5,21.1
2011/6/28,0.0,26.4
2011/6/29,0.5,28.4
2011/6/30,10.5,25.9
2011/7/1,0.0,26.0
2011/7/2,0.0,25.8
2011/7/3,0.0,26.5
2011/7/4,0.5,28.3
2011/7/5,2.0,26.9
2011/7/6,0.0,26.8
2011/7/7,1.5,25.1
2011/7/8,1.0,27.2
2011/7/9,0.0,28.7
2011/7/10,0.0,28.6
2011/7/11,0.0,27.9
2011/7/12,0.0,27.7
2011/7/13,0.0,27.7
2011/7/14,0.0,28.2
2011/7/15,0.0,28.5
2011/7/16,0.0,28.0
2011/7/17,0.0,28.5
2011/7/18,0.0,28.2
2011/7/19,84.0,25.2
2011/7/20,19.0,24.4
2011/7/21,2.0,19.6
2011/7/22,0.0,20.5
2011/7/23,0.0,22.8
2011/7/24,0.0,24.8
2011/7/25,0.0,26.2
2011/7/26,0.0,25.6
2011/7/27,0.0,26.4
2011/7/28,8.0,25.1
2011/7/29,1.0,25.3
2011/7/30,49.0,24.1
2011/7/31,6.5,21.5
2011/8/1,2.5,22.7
2011/8/2,0.0,23.7
2011/8/3,11.5,24.8
2011/8/4,1.0,25.1
2011/8/5,12.0,26.4
2011/8/6,0.0,27.6
2011/8/7,6.0,27.0
2011/8/8,0.0,27.4
2011/8/9,0.0,28.8
2011/8/10,0.0,29.6
2011/8/11,0.0,29.1
2011/8/12,0.0,29.5
2011/8/13,0.0,29.0
2011/8/14,0.0,28.8
2011/8/15,0.0,28.4
2011/8/16,0.0,29.1
2011/8/17,0.0,29.6
2011/8/18,0.0,30.9
2011/8/19,53.5,23.7
2011/8/20,1.0,22.0
2011/8/21,13.5,19.5
2011/8/22,31.5,20.6
2011/8/23,0.0,23.2
2011/8/24,4.0,26.0
2011/8/25,22.5,24.3
2011/8/26,10.0,24.5
2011/8/27,0.5,23.0
2011/8/28,0.0,24.5
2011/8/29,0.0,25.4
2011/8/30,0.5,25.3
2011/8/31,1.5,24.8
2011/9/1,33.5,26.1
2011/9/2,6.5,27.1
2011/9/3,12.0,26.8
2011/9/4,11.5,25.8
2011/9/5,8.0,23.6
2011/9/6,7.5,22.8
2011/9/7,0.0,23.2
2011/9/8,0.0,24.1
2011/9/9,0.0,25.5
2011/9/10,0.0,26.9
2011/9/11,0.0,26.9
2011/9/12,0.0,26.4
2011/9/13,0.0,26.7
2011/9/14,0.0,26.9
2011/9/15,0.0,26.5
2011/9/16,1.5,26.4
2011/9/17,19.5,25.8
2011/9/18,0.0,26.8
2011/9/19,1.5,24.5
2011/9/20,22.0,18.1
2011/9/21,153.5,20.3
2011/9/22,1.5,21.1
2011/9/23,0.5,17.9
2011/9/24,0.0,18.2
2011/9/25,0.0,18.3
2011/9/26,0.0,16.7
2011/9/27,0.0,18.2
2011/9/28,0.0,17.7
2011/9/29,0.0,19.6
2011/9/30,0.0,21.0
2011/10/1,0.0,20.5
2011/10/2,0.0,16.9
2011/10/3,0.0,16.7
2011/10/4,0.0,16.5
2011/10/5,45.5,14.4
2011/10/6,1.5,19.2
2011/10/7,0.0,18.8
2011/10/8,0.0,17.3
2011/10/9,4.0,17.7
2011/10/10,2.5,18.7
2011/10/11,0.0,18.1
2011/10/12,0.0,18.2
2011/10/13,0.0,17.3
2011/10/14,0.5,18.5
2011/10/15,31.0,19.6
2011/10/16,5.5,22.0
2011/10/17,0.0,19.2
2011/10/18,0.0,17.8
2011/10/19,0.0,13.9
2011/10/20,0.0,15.7
2011/10/21,2.5,16.5
2011/10/22,28.0,17.3
2011/10/23,2.0,20.3
2011/10/24,1.0,18.6
2011/10/25,0.0,19.0
2011/10/26,0.0,14.6
2011/10/27,0.0,11.7
2011/10/28,0.0,12.6
2011/10/29,0.0,13.7
2011/10/30,0.0,15.1
2011/10/31,0.0,16.3
2011/11/1,0.0,13.9
2011/11/2,0.0,14.5
2011/11/3,0.0,15.2
2011/11/4,0.0,15.4
2011/11/5,1.5,16.3
2012/3/20,0.0,6.5
2012/3/21,0.0,5.7
2012/3/22,0.0,7.1
2012/3/23,10.0,7.9
2012/3/24,1.5,7.1
2012/3/25,0.0,6.5
2012/3/26,0.0,4.4
2012/3/27,0.0,6.2
2012/3/28,0.0,7.8
2012/3/29,0.0,9.5
2012/3/30,0.0,11.8
2012/3/31,8.0,12.3
2012/4/1,0.0,7.6
2012/4/2,0.0,8.4
2012/4/3,24.0,11.0
2012/4/4,0.0,10.0
2012/4/5,0.0,12.6
2012/4/6,0.0,7.9
2012/4/7,0.0,5.2
2012/4/8,0.0,7.4
2012/4/9,0.0,13.0
2012/4/10,0.0,13.8
2012/4/11,7.0,13.1
2012/4/12,0.0,14.7
2012/4/13,4.0,14.8
2012/4/14,36.5,8.6
2012/4/15,0.0,11.0
2012/4/16,0.0,11.0
2012/4/17,0.0,12.5
2012/4/18,0.5,13.1
2012/4/19,0.5,12.6
2012/4/20,0.0,12.0
2012/4/21,0.0,10.5
2012/4/22,9.5,9.2
2012/4/23,7.5,11.8
2012/4/24,1.0,17.2
2012/4/25,1.0,16.3
2012/4/26,12.0,15.9
2012/4/27,11.0,15.1
2012/4/28,0.0,18.0
2012/4/29,0.0,19.2
2012/4/30,0.0,19.4
2012/5/1,17.5,17.7
2012/5/2,59.5,16.5
2012/5/3,104.5,16.2
2012/5/4,2.5,17.2
2012/5/5,0.0,18.9
2012/5/6,2.0,16.6
2012/5/7,0.0,16.6
2012/5/8,0.0,18.5
2012/5/9,6.5,17.3
2012/5/10,2.0,15.3
2012/5/11,0.0,15.6
2012/5/12,0.0,14.6
2012/5/13,0.0,14.5
2012/5/14,0.0,17.0
2012/5/15,2.0,16.7
2012/5/16,0.0,20.1
2012/5/17,0.0,19.3
2012/5/18,17.5,16.9
2012/5/19,0.0,18.4
2012/5/20,0.0,18.7
2012/5/21,0.0,18.5
2012/5/22,13.5,13.4
2012/5/23,0.0,18.2
2012/5/24,0.0,20.1
2012/5/25,1.0,18.0
2012/5/26,0.0,19.4
2012/5/27,0.0,20.3
2012/5/28,6.0,18.6
2012/5/29,21.0,18.7
2012/5/30,0.5,18.7
2012/5/31,0.0,18.7
2012/6/1,0.0,19.7
2012/6/2,0.5,19.8
2012/6/3,1.0,18.6
2012/6/4,0.0,20.5
2012/6/5,0.0,19.5
2012/6/6,7.5,17.2
2012/6/7,0.0,19.0
2012/6/8,1.0,22.2
2012/6/9,28.0,17.6
2012/6/10,0.5,20.9
2012/6/11,2.5,18.2
2012/6/12,9.5,15.7
2012/6/13,1.0,16.4
2012/6/14,0.0,17.6
2012/6/15,0.0,19.5
2012/6/16,5.0,18.9
2012/6/17,4.0,22.0
2012/6/18,0.0,22.8
2012/6/19,92.0,21.7
2012/6/20,0.0,25.5
2012/6/21,0.0,22.3
2012/6/22,40.5,20.0
2012/6/23,0.0,21.4
2012/6/24,0.5,21.4
2012/6/25,0.0,17.0
2012/6/26,0.0,19.1
2012/6/27,0.0,19.6
2012/6/28,0.0,20.4
2012/6/29,0.0,22.4
2012/6/30,0.0,22.6
2012/7/1,8.0,20.2
2012/7/2,3.5,22.5
2012/7/3,0.5,22.0
2012/7/4,0.5,24.1
2012/7/5,0.0,25.3
2012/7/6,16.0,23.6
2012/7/7,25.0,21.5
2012/7/8,0.5,21.8
2012/7/9,0.0,23.4
2012/7/10,0.0,24.9
2012/7/11,0.0,25.8
2012/7/12,5.5,24.9
2012/7/13,1.5,26.0
2012/7/14,18.0,26.8
2012/7/15,0.0,27.9
2012/7/16,0.0,29.0
2012/7/17,0.0,29.2
2012/7/18,0.0,28.1
2012/7/19,0.0,27.3
2012/7/20,24.5,19.0
2012/7/21,0.5,18.3
2012/7/22,0.5,19.7
2012/7/23,0.0,23.4
2012/7/24,0.0,25.5
2012/7/25,0.0,27.4
2012/7/26,0.0,28.8
2012/7/27,0.0,29.0
2012/7/28,0.0,28.9
2012/7/29,0.0,28.8
2012/7/30,0.0,28.3
2012/7/31,0.0,28.2
2012/8/1,0.0,27.2
2012/8/2,0.0,28.4
2012/8/3,0.0,28.3
2012/8/4,3.0,26.3
2012/8/5,0.0,27.9
2012/8/6,8.5,25.8
2012/8/7,0.0,27.0
2012/8/8,0.0,25.0
2012/8/9,0.0,25.0
2012/8/10,0.0,26.0
2012/8/11,2.0,26.4
2012/8/12,0.0,26.3
2012/8/13,0.0,28.5
2012/8/14,9.5,26.5
2012/8/15,0.0,27.2
2012/8/16,0.0,28.8
2012/8/17,1.5,28.3
2012/8/18,0.5,26.3
2012/8/19,0.0,27.4
2012/8/20,0.0,27.5
2012/8/21,0.0,27.7
2012/8/22,0.0,28.3
2012/8/23,0.0,28.3
2012/8/24,0.0,28.0
2012/8/25,0.0,27.9
2012/8/26,0.0,27.7
2012/8/27,0.0,27.7
2012/8/28,0.0,27.5
2012/8/29,0.0,27.4
2012/8/30,0.0,28.3
2012/8/31,0.0,27.8
2012/9/1,20.0,24.5
2012/9/2,58.5,23.3
2012/9/3,1.0,24.6
2012/9/4,4.0,25.1
2012/9/5,0.0,26.4
2012/9/6,9.0,24.7
2012/9/7,0.0,25.3
2012/9/8,0.0,26.5
2012/9/9,0.0,26.4
2012/9/10,0.0,26.1
2012/9/11,0.0,26.3
2012/9/12,0.0,25.6
2012/9/13,0.0,26.5
2012/9/14,0.0,26.5
2012/9/15,0.0,25.6
2012/9/16,1.0,24.9
2012/9/17,23.0,25.4
2012/9/18,15.0,25.6
2012/9/19,5.5,24.8
2012/9/20,0.0,25.2
2012/9/21,17.5,22.8
2012/9/22,5.5,20.8
2012/9/23,85.5,18.8
2012/9/24,5.5,21.6
2012/9/25,1.5,18.7
2012/9/26,0.0,20.1
2012/9/27,0.0,19.9
2012/9/28,0.0,21.3
2012/9/29,0.0,23.4
2012/9/30,35.0,23.8
2012/10/1,0.0,25.3
2012/10/2,0.0,22.1
2012/10/3,9.0,19.8
2012/10/4,2.0,21.9
2012/10/5,0.0,21.9
2012/10/6,0.0,22.0
2012/10/7,4.5,17.7
2012/10/8,0.0,18.0
2012/10/9,0.0,17.8
2012/10/10,0.0,17.8
2012/10/11,0.0,19.8
2012/10/12,0.0,18.4
2012/10/13,0.0,18.4
2012/10/14,0.0,16.3
2012/10/15,0.0,19.0
2012/10/16,0.0,17.0
2012/10/17,8.5,15.6
2012/10/18,14.5,16.1
2012/10/19,15.5,14.8
2012/10/20,0.0,15.3
2012/10/21,0.0,17.1
2012/10/22,0.0,17.1
2012/10/23,6.0,17.9
2012/10/24,0.0,14.9
2012/10/25,0.0,14.0
2012/10/26,0.0,15.2
2012/10/27,0.0,15.3
2012/10/28,12.5,13.1
2012/10/29,0.5,15.4
2012/10/30,0.0,11.5
2012/10/31,0.0,11.8
2012/11/1,0.0,11.7
2012/11/2,0.0,12.1
2012/11/3,0.0,12.0
2012/11/4,0.0,12.1
2012/11/5,1.5,10.9
2013/3/20,0.0,16.0
2013/3/21,0.0,9.3
2013/3/22,0.0,11.8
2013/3/23,0.0,11.8
2013/3/24,0.0,9.6
2013/3/25,9.5,7.9
2013/3/26,0.0,7.3
2013/3/27,2.0,6.6
2013/3/28,0.0,12.7
2013/3/29,0.0,13.9
2013/3/30,2.0,6.6
2013/3/31,1.0,6.1
2013/4/1,0.0,9.9
2013/4/2,38.0,8.5
2013/4/3,34.5,11.9
2013/4/4,0.0,14.6
2013/4/5,0.0,15.7
2013/4/6,57.0,14.0
2013/4/7,1.0,15.9
2013/4/8,0.0,12.3
2013/4/9,0.0,13.2
2013/4/10,0.5,11.3
2013/4/11,0.5,7.9
2013/4/12,0.0,9.3
2013/4/13,0.0,10.1
2013/4/14,0.0,14.0
2013/4/15,0.0,15.3
2013/4/16,0.0,13.5
2013/4/17,0.0,17.7
2013/4/18,0.0,17.6
2013/4/19,0.0,11.9
2013/4/20,9.5,7.0
2013/4/21,18.5,6.6
2013/4/22,0.0,9.4
2013/4/23,0.0,11.2
2013/4/24,9.0,14.5
2013/4/25,0.0,16.5
2013/4/26,0.0,14.7
2013/4/27,0.0,13.0
2013/4/28,0.0,13.9
2013/4/29,0.0,14.5
2013/4/30,0.0,17.2
2013/5/1,2.0,13.5
2013/5/2,1.5,12.3
2013/5/3,0.0,12.6
2013/5/4,0.0,13.8
2013/5/5,0.0,15.7
2013/5/6,0.0,17.5
2013/5/7,0.0,13.2
2013/5/8,0.0,14.8
2013/5/9,0.0,16.6
2013/5/10,0.0,20.1
2013/5/11,11.5,16.1
2013/5/12,1.5,19.2
2013/5/13,0.0,17.2
2013/5/14,0.0,20.9
2013/5/15,0.0,19.4
2013/5/16,12.5,18.3
2013/5/17,0.0,16.8
2013/5/18,0.0,18.1
2013/5/19,1.5,18.1
2013/5/20,1.5,17.8
2013/5/21,0.0,21.5
2013/5/22,0.0,21.2
2013/5/23,0.0,21.0
2013/5/24,0.0,20.7
2013/5/25,0.0,17.6
2013/5/26,0.0,20.2
2013/5/27,0.0,20.7
2013/5/28,0.0,20.3
2013/5/29,0.0,20.1
2013/5/30,0.5,20.0
2013/5/31,0.0,21.7
2013/6/1,0.0,19.6
2013/6/2,0.0,18.2
2013/6/3,0.0,19.2
2013/6/4,0.0,21.2
2013/6/5,0.0,21.4
2013/6/6,0.0,20.6
2013/6/7,0.0,20.8
2013/6/8,0.0,20.8
2013/6/9,0.0,22.2
2013/6/10,0.0,21.3
2013/6/11,2.5,19.7
2013/6/12,10.5,19.5
2013/6/13,56.0,20.4
2013/6/14,10.0,22.7
2013/6/15,11.5,24.6
2013/6/16,24.0,22.5
2013/6/17,0.0,24.0
2013/6/18,0.0,25.3
2013/6/19,0.5,24.1
2013/6/20,6.5,20.9
2013/6/21,6.5,20.2
2013/6/22,2.5,20.5
2013/6/23,0.0,21.8
2013/6/24,0.0,22.0
2013/6/25,26.0,21.9
2013/6/26,32.0,19.8
2013/6/27,2.5,21.5
2013/6/28,0.0,21.4
2013/6/29,0.0,22.4
2013/6/30,0.0,22.5
2013/7/1,0.0,22.5
2013/7/2,0.0,22.8
2013/7/3,0.0,22.6
2013/7/4,0.0,23.6
2013/7/5,0.0,25.7
2013/7/6,0.0,28.4
2013/7/7,1.0,27.7
2013/7/8,5.5,27.0
2013/7/9,0.0,28.1
2013/7/10,0.0,28.9
2013/7/11,0.0,29.7
2013/7/12,0.0,29.7
2013/7/13,0.0,27.8
2013/7/14,4.5,27.7
2013/7/15,0.0,27.4
2013/7/16,0.0,24.3
2013/7/17,12.0,23.2
2013/7/18,0.5,26.1
2013/7/19,0.0,25.9
2013/7/20,0.0,24.0
2013/7/21,0.0,24.3
2013/7/22,2.5,24.9
2013/7/23,36.0,25.8
2013/7/24,6.5,23.6
2013/7/25,1.0,23.9
2013/7/26,0.0,26.7
2013/7/27,22.0,25.5
2013/7/28,0.0,25.2
2013/7/29,4.0,24.0
2013/7/30,0.0,26.4
2013/7/31,0.0,26.1
2013/8/1,0.5,26.1
2013/8/2,0.0,24.6
2013/8/3,0.0,25.3
2013/8/4,0.0,26.0
2013/8/5,0.0,27.5
2013/8/6,2.0,26.2
2013/8/7,0.0,28.3
2013/8/8,0.0,28.6
2013/8/9,0.0,29.6
2013/8/10,0.0,31.3
2013/8/11,0.0,29.9
2013/8/12,4.0,28.7
2013/8/13,14.0,28.0
2013/8/14,0.0,28.2
2013/8/15,0.0,27.9
2013/8/16,0.0,28.3
2013/8/17,0.0,27.9
2013/8/18,0.0,28.6
2013/8/19,0.0,29.0
2013/8/20,0.0,28.9
2013/8/21,1.0,27.2
2013/8/22,0.0,27.7
2013/8/23,5.0,26.0
2013/8/24,0.0,26.5
2013/8/25,5.0,23.5
2013/8/26,25.0,24.3
2013/8/27,30.5,23.8
2013/8/28,0.0,26.0
2013/8/29,0.0,26.2
2013/8/30,0.0,28.2
2013/8/31,0.0,29.0
2013/9/1,6.0,28.0
2013/9/2,0.0,25.5
2013/9/3,0.0,27.5
2013/9/4,44.5,25.7
2013/9/5,10.0,25.4
2013/9/6,0.5,23.8
2013/9/7,0.0,22.9
2013/9/8,4.0,22.4
2013/9/9,0.0,23.3
2013/9/10,7.0,23.2
2013/9/11,4.5,22.5
2013/9/12,0.0,25.4
2013/9/13,0.0,26.2
2013/9/14,0.0,26.2
2013/9/15,84.0,23.9
2013/9/16,43.0,24.4
2013/9/17,0.0,20.7
2013/9/18,0.0,20.8
2013/9/19,0.0,21.4
2013/9/20,0.0,22.4
2013/9/21,0.0,23.3
2013/9/22,0.0,23.3
2013/9/23,0.0,20.1
2013/9/24,0.5,20.9
2013/9/25,16.5,22.0
2013/9/26,0.0,20.9
2013/9/27,0.0,17.9
2013/9/28,0.0,18.1
2013/9/29,0.0,19.8
2013/9/30,0.0,20.2
2013/10/1,6.0,21.0
2013/10/2,5.5,22.5
2013/10/3,0.0,22.4
2013/10/4,2.5,17.1
2013/10/5,28.0,17.5
2013/10/6,1.0,20.8
2013/10/7,0.0,22.0
2013/10/8,0.0,23.0
2013/10/9,0.0,24.1
2013/10/10,0.0,22.7
2013/10/11,0.0,24.1
2013/10/12,0.0,22.8
2013/10/13,0.0,19.5
2013/10/14,0.0,17.7
2013/10/15,67.0,16.7
2013/10/16,88.0,18.5
2013/10/17,0.0,16.0
2013/10/18,0.0,15.5
2013/10/19,1.5,14.3
2013/10/20,56.5,14.2
2013/10/21,0.0,16.9
2013/10/22,0.0,16.2
2013/10/23,0.0,15.4
2013/10/24,3.0,14.7
2013/10/25,20.5,16.6
2013/10/26,36.5,14.5
2013/10/27,0.0,14.6
2013/10/28,0.0,13.3
2013/10/29,2.5,13.4
2013/10/30,0.5,15.6
2013/10/31,0.0,14.4
2013/11/1,0.0,14.5
2013/11/2,0.0,14.0
2013/11/3,0.0,14.8
2013/11/4,3.0,14.5
2013/11/5,0.0,13.1
2014/3/20,10.0,6.4
2014/3/21,0.0,8.2
2014/3/22,0.0,7.6
2014/3/23,0.0,8.9
2014/3/24,0.0,10.7
2014/3/25,0.0,13.5
2014/3/26,0.0,13.6
2014/3/27,2.0,10.0
2014/3/28,0.0,12.0
2014/3/29,0.0,14.1
2014/3/30,6.5,14.2
2014/3/31,0.0,13.9
2014/4/1,0.0,12.1
2014/4/2,0.0,12.3
2014/4/3,33.5,11.6
2014/4/4,10.5,13.4
2014/4/5,0.0,9.6
2014/4/6,1.5,7.1
2014/4/7,0.0,8.6
2014/4/8,0.0,13.0
2014/4/9,0.0,13.2
2014/4/10,0.0,14.0
2014/4/11,0.0,11.0
2014/4/12,0.0,11.8
2014/4/13,0.0,11.7
2014/4/14,0.0,12.0
2014/4/15,0.0,14.2
2014/4/16,0.0,15.7
2014/4/17,0.0,15.0
2014/4/18,4.5,9.8
2014/4/19,0.5,10.0
2014/4/20,0.5,8.9
2014/4/21,1.0,11.8
2014/4/22,2.5,13.9
2014/4/23,0.0,14.2
2014/4/24,0.0,14.7
2014/4/25,0.0,15.4
2014/4/26,0.0,16.2
2014/4/27,0.0,15.8
2014/4/28,0.0,15.7
2014/4/29,0.0,16.0
2014/4/30,19.5,15.0
2014/5/1,2.0,18.7
2014/5/2,0.0,18.3
2014/5/3,0.0,19.4
2014/5/4,0.0,17.2
2014/5/5,0.0,15.9
2014/5/6,0.5,12.7
2014/5/7,0.0,14.6
2014/5/8,0.0,16.3
2014/5/9,1.0,15.9
2014/5/10,0.0,16.7
2014/5/11,0.0,17.9
2014/5/12,0.0,17.1
2014/5/13,0.0,18.6
2014/5/14,0.0,19.8
2014/5/15,1.0,18.2
2014/5/16,0.0,19.8
2014/5/17,0.0,18.3
2014/5/18,0.0,18.3
2014/5/19,0.0,19.3
2014/5/20,0.0,19.9
2014/5/21,39.0,16.0
2014/5/22,2.5,17.4
2014/5/23,0.0,16.7
2014/5/24,0.0,19.0
2014/5/25,0.0,21.3
2014/5/26,3.5,19.5
2014/5/27,13.0,20.3
2014/5/28,0.0,21.0
2014/5/29,0.0,20.5
2014/5/30,0.0,22.1
2014/5/31,0.0,24.1
2014/6/1,0.0,25.1
2014/6/2,0.0,24.6
2014/6/3,0.0,22.5
2014/6/4,0.0,22.7
2014/6/5,21.5,19.7
2014/6/6,164.0,18.0
2014/6/7,78.5,17.1
2014/6/8,54.0,19.0
2014/6/9,10.5,21.6
2014/6/10,0.5,22.3
2014/6/11,28.5,20.5
2014/6/12,34.0,20.5
2014/6/13,4.5,22.1
2014/6/14,0.0,22.3
2014/6/15,0.0,22.7
2014/6/16,0.0,23.1
2014/6/17,0.0,22.9
2014/6/18,0.0,21.4
2014/6/19,6.5,22.6
2014/6/20,1.5,22.1
2014/6/21,0.0,23.1
2014/6/22,16.5,20.2
2014/6/23,0.0,22.2
2014/6/24,10.5,20.7
2014/6/25,0.0,20.9
2014/6/26,0.0,22.5
2014/6/27,0.5,22.4
2014/6/28,17.0,21.0
2014/6/29,46.0,22.0
2014/6/30,0.0,22.0
2014/7/1,0.0,23.6
2014/7/2,0.0,24.2
2014/7/3,1.0,22.9
2014/7/4,10.5,19.7
2014/7/5,12.5,19.7
2014/7/6,0.0,22.5
2014/7/7,3.0,21.8
2014/7/8,0.0,24.7
2014/7/9,10.5,22.3
2014/7/10,1.0,24.4
2014/7/11,0.5,27.5
2014/7/12,6.0,26.6
2014/7/13,0.0,24.5
2014/7/14,0.0,26.5
2014/7/15,0.0,26.4
2014/7/16,0.0,27.4
2014/7/17,2.0,26.2
2014/7/18,3.0,23.1
2014/7/19,13.5,22.1
2014/7/20,0.5,22.8
2014/7/21,0.0,23.7
2014/7/22,0.0,26.1
2014/7/23,0.0,27.4
2014/7/24,3.5,27.6
2014/7/25,0.0,28.8
2014/7/26,0.0,29.0
2014/7/27,15.5,28.0
2014/7/28,0.0,25.5
2014/7/29,0.0,25.5
2014/7/30,0.0,25.9
2014/7/31,0.0,27.4
2014/8/1,0.0,28.2
2014/8/2,0.0,28.4
2014/8/3,0.0,29.4
2014/8/4,0.0,29.5
2014/8/5,0.0,31.0
2014/8/6,0.0,30.7
2014/8/7,0.0,29.0
2014/8/8,0.0,26.7
2014/8/9,3.5,23.7
2014/8/10,50.0,24.0
2014/8/11,0.0,28.2
2014/8/12,6.0,23.0
2014/8/13,0.0,24.3
2014/8/14,3.5,25.1
2014/8/15,0.0,28.1
2014/8/16,2.0,25.7
2014/8/17,0.0,23.8
2014/8/18,0.0,27.2
2014/8/19,0.0,28.4
2014/8/20,0.0,29.0
2014/8/21,0.0,28.8
2014/8/22,0.0,28.8
2014/8/23,0.0,25.5
2014/8/24,0.0,26.6
2014/8/25,1.0,24.5
2014/8/26,1.0,22.6
2014/8/27,8.0,19.2
2014/8/28,2.5,20.2
2014/8/29,0.5,22.1
2014/8/30,10.5,22.0
2014/8/31,0.0,22.4
2014/9/1,42.0,20.5
2014/9/2,1.0,23.4
2014/9/3,0.0,23.0
2014/9/4,0.0,23.0
2014/9/5,0.0,25.7
2014/9/6,11.0,25.9
2014/9/7,10.0,20.2
2014/9/8,0.5,20.2
2014/9/9,1.0,22.4
2014/9/10,0.0,22.0
2014/9/11,11.5,20.1
2014/9/12,0.0,21.3
2014/9/13,0.0,21.1
2014/9/14,0.0,21.4
2014/9/15,0.0,21.2
2014/9/16,0.0,23.1
2014/9/17,0.0,21.6
2014/9/18,0.0,20.3
2014/9/19,0.0,19.2
2014/9/20,0.0,17.7
2014/9/21,0.0,19.2
2014/9/22,3.0,20.1
2014/9/23,0.5,19.8
2014/9/24,0.0,20.6
2014/9/25,1.0,22.7
2014/9/26,0.0,22.3
2014/9/27,0.0,18.8
2014/9/28,0.0,20.1
2014/9/29,0.0,21.0
2014/9/30,0.0,22.0
2014/10/1,0.0,19.5
2014/10/2,0.0,19.8
2014/10/3,0.0,23.2
2014/10/4,0.0,22.4
2014/10/5,115.0,16.2
2014/10/6,89.0,20.0
2014/10/7,0.0,18.5
2014/10/8,0.0,18.2
2014/10/9,0.0,18.7
2014/10/10,0.0,19.6
2014/10/11,0.0,18.4
2014/10/12,0.0,16.3
2014/10/13,73.0,14.6
2014/10/14,2.5,20.9
2014/10/15,6.5,13.7
2014/10/16,0.5,14.8
2014/10/17,0.0,15.8
2014/10/18,0.0,13.9
2014/10/19,0.0,16.1
2014/10/20,0.0,16.2
2014/10/21,2.0,16.3
2014/10/22,19.0,14.4
2014/10/23,5.0,12.3
2014/10/24,0.0,14.0
2014/10/25,0.0,16.0
2014/10/26,0.5,17.5
2014/10/27,0.0,17.2
2014/10/28,0.0,13.9
2014/10/29,0.0,13.0
2014/10/30,0.0,13.8
2014/10/31,0.0,15.4
2014/11/1,11.0,14.4
2014/11/2,0.0,16.6
2014/11/3,0.0,14.7
2014/11/4,0.0,12.4
2014/11/5,0.0,13.1
2015/3/20,0.0,11.4
2015/3/21,0.0,9.7
2015/3/22,0.0,10.6
2015/3/23,0.0,8.6
2015/3/24,0.0,5.8
2015/3/25,0.0,6.7
2015/3/26,0.0,7.7
2015/3/27,0.0,10.1
2015/3/28,0.0,11.9
2015/3/29,0.0,12.2
2015/3/30,0.0,14.0
2015/3/31,0.0,14.0
2015/4/1,0.5,12.5
2015/4/2,0.0,10.8
2015/4/3,0.0,15.2
2015/4/4,0.0,12.6
2015/4/5,3.5,9.3
2015/4/6,0.0,15.6
2015/4/7,6.0,9.5
2015/4/8,18.0,2.8
2015/4/9,0.0,5.6
2015/4/10,6.5,7.1
2015/4/11,5.0,10.9
2015/4/12,0.0,11.5
2015/4/13,25.5,8.7
2015/4/14,14.5,11.6
2015/4/15,1.5,13.7
2015/4/16,0.0,13.9
2015/4/17,0.0,14.6
2015/4/18,0.0,12.6
2015/4/19,0.0,12.9
2015/4/20,1.0,15.9
2015/4/21,0.0,16.6
2015/4/22,0.5,14.9
2015/4/23,0.0,16.9
2015/4/24,0.0,16.7
2015/4/25,0.0,15.9
2015/4/26,0.0,15.7
2015/4/27,0.0,18.0
2015/4/28,0.0,19.8
2015/4/29,0.0,17.7
2015/4/30,0.0,17.9
2015/5/1,0.0,19.2
2015/5/2,0.0,20.0
2015/5/3,0.0,19.5
2015/5/4,0.0,20.6
2015/5/5,0.0,17.8
2015/5/6,0.0,16.4
2015/5/7,0.0,18.1
2015/5/8,0.0,19.9
2015/5/9,0.0,17.2
2015/5/10,0.0,17.6
2015/5/11,0.0,15.7
2015/5/12,34.0,17.6
2015/5/13,0.0,21.1
2015/5/14,0.0,20.7
2015/5/15,0.0,21.5
2015/5/16,2.5,19.8
2015/5/17,0.0,21.4
2015/5/18,0.0,19.9
2015/5/19,2.5,18.7
2015/5/20,0.0,21.8
2015/5/21,12.0,18.3
2015/5/22,0.0,18.6
2015/5/23,0.0,20.5
2015/5/24,0.0,20.7
2015/5/25,0.0,20.3
2015/5/26,0.0,21.9
2015/5/27,0.0,23.1
2015/5/28,0.0,21.4
2015/5/29,6.5,19.6
2015/5/30,0.0,23.0
2015/5/31,0.0,24.2
2015/6/1,0.0,22.4
2015/6/2,0.0,22.0
2015/6/3,11.5,20.6
2015/6/4,0.0,21.9
2015/6/5,33.0,17.2
2015/6/6,11.0,18.1
2015/6/7,0.0,19.9
2015/6/8,0.5,19.6
2015/6/9,23.0,19.2
2015/6/10,0.0,22.0
2015/6/11,0.0,21.8
2015/6/12,2.5,21.1
2015/6/13,0.0,23.7
2015/6/14,0.5,22.0
2015/6/15,0.0,24.0
2015/6/16,0.0,22.8
2015/6/17,21.5,20.7
2015/6/18,0.0,20.1
2015/6/19,32.0,17.9
2015/6/20,0.0,20.7
2015/6/21,0.0,19.8
2015/6/22,0.0,21.6
2015/6/23,0.0,22.4
2015/6/24,0.0,23.3
2015/6/25,6.0,22.5
2015/6/26,10.5,20.9
2015/6/27,1.5,21.1
2015/6/28,0.0,22.7
2015/6/29,0.0,20.7
2015/6/30,0.5,21.4
2015/7/1,9.5,19.8
2015/7/2,0.0,21.6
2015/7/3,54.5,21.0
2015/7/4,4.0,21.6
2015/7/5,7.0,19.9
2015/7/6,16.5,19.2
2015/7/7,0.5,20.8
2015/7/8,7.0,21.5
2015/7/9,16.5,19.0
2015/7/10,0.0,22.7
2015/7/11,0.0,25.1
2015/7/12,0.0,26.3
2015/7/13,0.0,28.7
2015/7/14,0.0,29.4
2015/7/15,0.0,27.2
2015/7/16,166.0,24.1
2015/7/17,12.0,25.9
2015/7/18,0.0,25.8
2015/7/19,0.0,27.2
2015/7/20,5.0,27.2
2015/7/21,0.0,28.8
2015/7/22,0.0,28.3
2015/7/23,5.0,26.6
2015/7/24,0.0,27.6
2015/7/25,0.0,28.7
2015/7/26,0.0,30.1
2015/7/27,0.0,29.4
2015/7/28,0.0,28.6
2015/7/29,0.0,28.6
2015/7/30,0.0,27.8
2015/7/31,0.0,28.8
2015/8/1,0.0,29.3
2015/8/2,0.0,28.7
2015/8/3,0.0,28.7
2015/8/4,0.0,28.9
2015/8/5,0.0,28.9
2015/8/6,0.0,29.7
2015/8/7,0.0,30.4
2015/8/8,0.0,27.5
2015/8/9,0.0,27.6
2015/8/10,0.0,27.2
2015/8/11,0.0,28.6
2015/8/12,5.0,26.7
2015/8/13,0.5,26.3
2015/8/14,0.0,25.2
2015/8/15,0.0,26.9
2015/8/16,35.5,26.7
2015/8/17,69.0,24.3
2015/8/18,0.0,27.1
2015/8/19,0.0,27.3
2015/8/20,27.0,24.6
2015/8/21,0.0,25.1
2015/8/22,0.0,27.6
2015/8/23,2.5,24.6
2015/8/24,0.0,23.3
2015/8/25,1.5,20.2
2015/8/26,30.5,18.6
2015/8/27,0.0,23.3
2015/8/28,0.0,20.9
2015/8/29,4.0,19.6
2015/8/30,5.5,20.1
2015/8/31,3.5,20.9
2015/9/1,8.0,22.6
2015/9/2,3.0,25.8
2015/9/3,1.0,24.0
2015/9/4,14.0,23.9
2015/9/5,0.5,24.0
2015/9/6,16.5,22.4
2015/9/7,7.0,20.9
2015/9/8,67.5,19.0
2015/9/9,106.0,21.2
2015/9/10,18.0,21.2
2015/9/11,0.0,22.7
2015/9/12,0.0,23.4
2015/9/13,0.0,22.1
2015/9/14,0.0,22.1
2015/9/15,0.0,21.1
2015/9/16,3.5,19.7
2015/9/17,58.0,17.2
2015/9/18,5.5,19.5
2015/9/19,0.0,22.9
2015/9/20,0.0,21.8
2015/9/21,0.0,21.0
2015/9/22,0.0,21.8
2015/9/23,0.0,21.1
2015/9/24,3.0,18.8
2015/9/25,30.0,16.9
2015/9/26,2.0,20.1
2015/9/27,0.0,20.8
2015/9/28,0.0,22.3
2015/9/29,0.0,21.1
2015/9/30,0.0,19.3
2015/10/1,0.5,18.2
2015/10/2,23.0,21.4
2015/10/3,0.0,20.9
2015/10/4,0.0,19.8
2015/10/5,0.0,16.5
2015/10/6,0.0,16.7
2015/10/7,0.0,16.8
2015/10/8,0.0,19.0
2015/10/9,0.0,18.6
2015/10/10,0.0,16.5
2015/10/11,4.0,16.6
2015/10/12,0.0,17.2
2015/10/13,0.0,17.8
2015/10/14,0.0,16.3
2015/10/15,0.0,16.2
2015/10/16,10.5,14.8
2015/10/17,8.0,16.5
2015/10/18,0.0,17.7
2015/10/19,0.0,17.4
2015/10/20,0.0,17.3
2015/10/21,0.0,15.5
2015/10/22,0.0,16.3
2015/10/23,0.0,16.1
2015/10/24,0.0,17.4
2015/10/25,0.0,14.4
2015/10/26,0.0,13.6
2015/10/27,0.0,17.0
2015/10/28,0.5,18.9
2015/10/29,0.5,15.6
2015/10/30,0.0,15.8
2015/10/31,0.0,12.6
2015/11/1,0.0,11.1
2015/11/2,31.0,11.9
2015/11/3,2.5,14.4
2015/11/4,0.0,12.2
2015/11/5,0.0,13.4
2016/3/20,0.0,12.1
2016/3/21,0.0,8.9
2016/3/22,0.0,8.6
2016/3/23,0.0,9.2
2016/3/24,0.0,5.3
2016/3/25,0.0,5.8
2016/3/26,0.0,7.2
2016/3/27,0.0,9.5
2016/3/28,9.0,10.2
2016/3/29,0.5,11.0
2016/3/30,0.0,13.1
2016/3/31,0.0,13.5
2016/4/1,0.0,11.7
2016/4/2,0.0,9.5
2016/4/3,1.5,12.4
2016/4/4,7.0,13.5
2016/4/5,2.5,9.5
2016/4/6,0.0,13.2
2016/4/7,24.0,11.2
2016/4/8,0.0,15.5
2016/4/9,0.0,15.1
2016/4/10,0.0,15.4
2016/4/11,0.0,10.2
2016/4/12,0.0,9.3
2016/4/13,0.5,12.8
2016/4/14,19.0,14.5
2016/4/15,0.0,14.5
2016/4/16,0.0,13.2
2016/4/17,0.0,19.0
2016/4/18,0.0,17.3
2016/4/19,0.0,15.4
2016/4/20,0.0,13.6
2016/4/21,3.0,14.4
2016/4/22,0.0,16.7
2016/4/23,0.0,16.4
2016/4/24,3.5,14.6
2016/4/25,0.0,16.8
2016/4/26,0.0,17.5
2016/4/27,0.5,16.6
2016/4/28,22.5,13.7
2016/4/29,0.0,15.0
2016/4/30,0.0,14.3
2016/5/1,0.0,17.2
2016/5/2,0.0,16.3
2016/5/3,0.0,19.0
2016/5/4,10.5,21.9
2016/5/5,0.0,20.5
2016/5/6,0.0,17.3
2016/5/7,0.0,21.2
2016/5/8,0.0,19.8
2016/5/9,10.0,16.8
2016/5/10,1.5,18.1
2016/5/11,3.5,18.2
2016/5/12,0.0,20.7
2016/5/13,0.0,19.7
2016/5/14,0.0,19.4
2016/5/15,0.0,17.0
2016/5/16,0.0,18.1
2016/5/17,13.0,16.4
2016/5/18,0.0,18.3
2016/5/19,0.0,18.4
2016/5/20,0.0,16.0
2016/5/21,0.0,18.6
2016/5/22,0.0,21.3
2016/5/23,0.0,22.7
2016/5/24,0.0,22.5
2016/5/25,0.0,21.0
2016/5/26,0.0,22.1
2016/5/27,2.5,19.4
2016/5/28,0.0,18.5
2016/5/29,0.0,21.0
2016/5/30,15.0,16.1
2016/5/31,0.0,19.3
2016/6/1,0.0,20.3
2016/6/2,0.0,19.2
2016/6/3,0.0,18.2
2016/6/4,0.0,20.7
2016/6/5,1.5,19.4
2016/6/6,0.0,19.4
2016/6/7,0.0,18.2
2016/6/8,1.0,21.4
2016/6/9,2.5,20.5
2016/6/10,0.0,23.3
2016/6/11,0.0,22.5
2016/6/12,0.5,22.8
2016/6/13,71.5,19.0
2016/6/14,0.0,21.8
2016/6/15,1.5,19.1
2016/6/16,8.5,20.8
2016/6/17,1.0,24.0
2016/6/18,0.0,25.9
2016/6/19,0.5,22.6
2016/6/20,0.5,23.6
2016/6/21,6.5,21.7
2016/6/22,1.0,21.3
2016/6/23,3.0,22.4
2016/6/24,1.5,21.6
2016/6/25,0.0,23.0
2016/6/26,0.0,23.7
2016/6/27,0.0,23.4
2016/6/28,15.5,18.9
2016/6/29,0.0,20.5
2016/6/30,0.0,22.2
2016/7/1,0.0,25.1
2016/7/2,0.0,25.3
2016/7/3,0.0,28.4
2016/7/4,7.0,26.8
2016/7/5,2.0,20.5
2016/7/6,0.0,22.1
2016/7/7,0.0,26.8
2016/7/8,0.0,24.2
2016/7/9,3.5,21.7
2016/7/10,0.0,24.8
2016/7/11,0.0,26.3
2016/7/12,0.0,26.1
2016/7/13,1.5,24.8
2016/7/14,30.5,25.0
2016/7/15,15.0,21.3
2016/7/16,0.0,22.8
2016/7/17,0.0,24.8
2016/7/18,0.0,27.7
2016/7/19,0.0,27.1
2016/7/20,4.5,25.4
2016/7/21,20.0,20.9
2016/7/22,17.0,20.1
2016/7/23,0.0,20.7
2016/7/24,0.0,22.7
2016/7/25,0.0,23.6
2016/7/26,4.0,22.6
2016/7/27,0.5,22.7
2016/7/28,0.0,25.3
2016/7/29,0.0,26.3
2016/7/30,0.0,26.8
2016/7/31,1.0,26.7
2016/8/1,2.0,26.4
2016/8/2,0.0,26.4
2016/8/3,0.0,26.2
2016/8/4,0.0,27.6
2016/8/5,0.0,27.8
2016/8/6,0.0,28.6
2016/8/7,0.0,27.9
2016/8/8,0.0,27.7
2016/8/9,0.0,30.3
2016/8/10,1.0,28.0
2016/8/11,0.5,26.7
2016/8/12,0.0,25.8
2016/8/13,0.0,26.2
2016/8/14,0.0,25.3
2016/8/15,0.5,25.3
2016/8/16,15.0,25.5
2016/8/17,4.5,28.7
2016/8/18,52.0,25.2
2016/8/19,0.0,27.1
2016/8/20,48.0,24.6
2016/8/21,0.0,26.9
2016/8/22,208.0,24.2
2016/8/23,0.5,25.4
2016/8/24,3.0,25.1
2016/8/25,0.0,27.1
2016/8/26,0.0,27.3
2016/8/27,41.0,22.4
2016/8/28,11.0,21.0
2016/8/29,26.0,23.9
2016/8/30,37.5,23.7
2016/8/31,0.0,24.9
2016/9/1,0.0,25.3
2016/9/2,2.0,25.6
2016/9/3,0.5,26.0
2016/9/4,9.5,25.4
2016/9/5,0.0,26.9
2016/9/6,0.0,27.9
2016/9/7,0.0,26.4
2016/9/8,21.5,24.6
2016/9/9,0.0,25.6
2016/9/10,0.0,26.0
2016/9/11,0.0,24.2
2016/9/12,4.0,24.2
2016/9/13,34.0,21.8
2016/9/14,2.0,22.0
2016/9/15,8.5,23.1
2016/9/16,0.0,22.1
2016/9/17,0.0,24.3
2016/9/18,3.0,22.1
2016/9/19,18.0,20.3
2016/9/20,71.5,18.3
2016/9/21,0.5,19.5
2016/9/22,25.0,18.8
2016/9/23,12.0,20.2
2016/9/24,1.0,20.8
2016/9/25,0.5,22.4
2016/9/26,5.0,24.0
2016/9/27,0.0,24.5
2016/9/28,0.5,24.2
2016/9/29,2.0,23.4
2016/9/30,0.0,20.5
2016/10/1,0.0,19.5
2016/10/2,0.0,22.3
2016/10/3,1.5,20.8
2016/10/4,0.0,23.9
2016/10/5,0.5,21.4
2016/10/6,0.0,24.1
2016/10/7,0.0,20.1
2016/10/8,18.5,18.0
2016/10/9,7.0,20.6
2016/10/10,0.0,16.9
2016/10/11,0.0,16.0
2016/10/12,0.0,15.8
2016/10/13,0.0,15.1
2016/10/14,0.0,14.2
2016/10/15,0.0,15.0
2016/10/16,0.0,15.4
2016/10/17,9.5,16.2
2016/10/18,0.0,20.0
2016/10/19,0.0,20.1
2016/10/20,0.0,20.4
2016/10/21,0.0,16.5
2016/10/22,0.0,15.0
2016/10/23,0.0,16.9
2016/10/24,0.0,13.4
2016/10/25,1.5,11.5
2016/10/26,0.0,18.0
2016/10/27,0.0,17.4
2016/10/28,8.0,10.5
2016/10/29,0.0,14.7
2016/10/30,1.0,10.5
2016/10/31,0.0,12.2
2016/11/1,4.5,12.5
2016/11/2,1.0,9.7
2016/11/3,0.5,11.9
2016/11/4,0.0,12.0
2016/11/5,0.0,13.1
2017/3/20,0.0,11.1
2017/3/21,23.0,8.2
2017/3/22,0.0,8.4
2017/3/23,0.0,7.5
2017/3/24,0.0,6.4
2017/3/25,0.0,6.8
2017/3/26,16.0,4.5
2017/3/27,28.0,4.7
2017/3/28,0.0,6.9
2017/3/29,0.0,7.4
2017/3/30,0.0,10.5
2017/3/31,6.5,7.6
2017/4/1,3.5,5.0
2017/4/2,0.0,7.2
2017/4/3,1.0,8.6
2017/4/4,0.0,9.8
2017/4/5,0.0,12.5
2017/4/6,0.0,14.5
2017/4/7,0.0,16.7
2017/4/8,3.5,13.8
2017/4/9,2.5,13.0
2017/4/10,0.0,9.3
2017/4/11,37.5,7.4
2017/4/12,0.0,12.3
2017/4/13,0.5,10.9
2017/4/14,0.0,13.2
2017/4/15,0.0,16.3
2017/4/16,0.0,17.5
2017/4/17,7.5,17.0
2017/4/18,16.5,18.1
2017/4/19,0.0,16.1
2017/4/20,0.0,14.2
2017/4/21,0.0,14.0
2017/4/22,12.0,12.9
2017/4/23,0.0,12.9
2017/4/24,0.0,13.2
2017/4/25,0.0,14.0
2017/4/26,0.0,15.1
2017/4/27,0.0,14.6
2017/4/28,0.0,14.4
2017/4/29,0.0,14.8
2017/4/30,0.0,16.2
2017/5/1,0.0,15.7
2017/5/2,0.0,15.8
2017/5/3,0.0,15.3
2017/5/4,0.0,16.4
2017/5/5,0.0,18.3
2017/5/6,0.0,20.7
2017/5/7,0.0,19.7
2017/5/8,0.0,20.2
2017/5/9,0.0,18.0
2017/5/10,4.0,15.7
2017/5/11,0.0,20.3
2017/5/12,0.0,20.6
2017/5/13,28.5,16.7
2017/5/14,0.0,17.5
2017/5/15,0.0,16.5
2017/5/16,0.0,17.7
2017/5/17,0.0,15.9
2017/5/18,0.0,16.9
2017/5/19,0.0,18.9
2017/5/20,0.0,21.4
2017/5/21,0.0,22.8
2017/5/22,0.0,22.6
2017/5/23,0.0,21.6
2017/5/24,0.0,20.5
2017/5/25,2.5,19.2
2017/5/26,20.5,17.3
2017/5/27,1.5,18.4
2017/5/28,0.0,19.9
2017/5/29,0.0,20.4
2017/5/30,0.0,22.4
2017/5/31,0.0,22.9
2017/6/1,1.0,22.0
2017/6/2,0.0,22.0
2017/6/3,0.0,19.3
2017/6/4,0.0,19.3
2017/6/5,0.0,19.1
2017/6/6,0.0,18.5
2017/6/7,0.0,19.3
2017/6/8,0.0,21.5
2017/6/9,0.0,22.4
2017/6/10,0.0,23.0
2017/6/11,0.5,20.2
2017/6/12,6.5,19.0
2017/6/13,11.5,15.6
2017/6/14,0.0,18.8
2017/6/15,0.0,20.2
2017/6/16,0.0,21.7
2017/6/17,0.0,21.2
2017/6/18,1.5,19.3
2017/6/19,0.0,22.8
2017/6/20,0.0,22.2
2017/6/21,59.0,20.5
2017/6/22,0.0,22.3
2017/6/23,0.0,23.6
2017/6/24,0.0,23.0
2017/6/25,2.5,21.5
2017/6/26,0.5,22.7
2017/6/27,0.5,22.4
2017/6/28,5.5,22.2
2017/6/29,0.0,23.8
2017/6/30,4.5,22.6
2017/7/1,6.0,22.3
2017/7/2,2.0,24.7
2017/7/3,0.0,27.0
2017/7/4,46.0,25.2
2017/7/5,0.5,25.3
2017/7/6,0.0,25.3
2017/7/7,0.0,26.3
2017/7/8,0.0,27.0
2017/7/9,0.0,26.9
2017/7/10,0.0,26.7
2017/7/11,0.0,27.0
2017/7/12,0.0,28.2
2017/7/13,0.0,27.7
2017/7/14,0.0,27.3
2017/7/15,0.0,27.8
2017/7/16,0.0,28.0
2017/7/17,0.0,28.9
2017/7/18,25.5,25.2
2017/7/19,0.0,25.3
2017/7/20,0.0,26.9
2017/7/21,0.0,27.9
2017/7/22,0.0,27.9
2017/7/23,0.0,26.2
2017/7/24,0.0,28.3
2017/7/25,42.0,27.6
2017/7/26,14.5,23.9
2017/7/27,0.0,24.0
2017/7/28,0.0,26.5
2017/7/29,19.5,25.4
2017/7/30,10.0,23.8
2017/7/31,0.0,27.1
2017/8/1,8.5,25.3
2017/8/2,0.5,21.8
2017/8/3,0.0,23.4
2017/8/4,0.0,24.7
2017/8/5,0.0,27.3
2017/8/6,0.0,28.1
2017/8/7,14.5,27.3
2017/8/8,0.5,28.2
2017/8/9,0.0,28.7
2017/8/10,5.5,24.6
2017/8/11,10.0,22.1
2017/8/12,9.0,23.7
2017/8/13,3.5,25.5
2017/8/14,4.5,23.4
2017/8/15,34.5,22.3
2017/8/16,28.0,20.8
2017/8/17,1.0,23.6
2017/8/18,1.0,24.6
2017/8/19,33.5,24.9
2017/8/20,10.0,24.1
2017/8/21,0.0,25.7
2017/8/22,0.0,26.8
2017/8/23,0.0,27.2
2017/8/24,0.0,28.2
2017/8/25,0.0,27.7
2017/8/26,0.0,26.9
2017/8/27,0.0,25.1
2017/8/28,0.0,25.0
2017/8/29,0.0,27.0
2017/8/30,43.0,25.5
2017/8/31,0.0,21.6
2017/9/1,4.5,21.1
2017/9/2,18.5,19.4
2017/9/3,0.0,21.7
2017/9/4,0.0,19.9
2017/9/5,0.0,23.0
2017/9/6,6.0,20.9
2017/9/7,0.5,21.5
2017/9/8,0.0,23.5
2017/9/9,0.0,23.4
2017/9/10,0.0,24.2
2017/9/11,0.0,24.1
2017/9/12,0.5,23.0
2017/9/13,0.0,25.1
2017/9/14,0.5,24.8
2017/9/15,0.0,22.4
2017/9/16,10.5,19.0
2017/9/17,50.5,17.8
2017/9/18,19.5,26.3
2017/9/19,0.0,23.2
2017/9/20,0.0,21.4
2017/9/21,0.0,22.1
2017/9/22,7.5,19.9
2017/9/23,17.0,19.2
2017/9/24,0.0,21.1
2017/9/25,0.0,22.8
2017/9/26,0.0,22.4
2017/9/27,2.5,22.1
2017/9/28,13.0,19.1
2017/9/29,0.0,19.1
2017/9/30,0.0,18.7
2017/10/1,0.0,19.5
2017/10/2,2.0,20.3
2017/10/3,0.0,21.6
2017/10/4,0.0,17.9
2017/10/5,0.0,15.3
2017/10/6,26.5,14.6
2017/10/7,24.5,17.9
2017/10/8,0.0,20.5
2017/10/9,0.0,20.6
2017/10/10,0.0,21.8
2017/10/11,0.0,20.6
2017/10/12,0.0,21.5
2017/10/13,8.0,14.4
2017/10/14,11.5,14.0
2017/10/15,13.0,14.2
2017/10/16,30.5,11.9
2017/10/17,7.5,12.5
2017/10/18,0.0,13.4
2017/10/19,31.5,10.4
2017/10/20,13.5,13.9
2017/10/21,19.5,16.0
2017/10/22,145.0,16.6
2017/10/23,124.0,17.1
2017/10/24,0.0,13.8
2017/10/25,7.5,11.9
2017/10/26,0.0,12.7
2017/10/27,0.0,12.9
2017/10/28,9.5,13.4
2017/10/29,76.5,14.2
2017/10/30,0.0,14.6
2017/10/31,0.0,11.9
2017/11/1,0.0,10.6
2017/11/2,0.0,13.4
2017/11/3,1.0,15.3
2017/11/4,1.0,14.5
2017/11/5,0.0,11.3
2018/3/20,12.5,7.2
2018/3/21,23.0,2.8
2018/3/22,25.5,9.2
2018/3/23,6.5,11.0
2018/3/24,0.5,10.1
2018/3/25,0.0,11.0
2018/3/26,0.0,12.3
2018/3/27,0.0,13.5
2018/3/28,0.0,15.4
2018/3/29,0.0,16.6
2018/3/30,0.0,12.4
2018/3/31,0.0,11.0
2018/4/1,0.0,14.1
2018/4/2,0.0,16.7
2018/4/3,0.0,16.7
2018/4/4,0.0,19.0
2018/4/5,0.0,12.3
2018/4/6,2.0,16.9
2018/4/7,0.5,14.5
2018/4/8,0.0,9.7
2018/4/9,0.0,11.8
2018/4/10,0.0,12.4
2018/4/11,0.0,14.7
2018/4/12,0.0,17.1
2018/4/13,0.0,13.2
2018/4/14,0.0,13.6
2018/4/15,7.5,15.1
2018/4/16,0.0,13.7
2018/4/17,3.5,10.9
2018/4/18,15.0,12.3
2018/4/19,0.0,15.0
2018/4/20,0.0,17.5
2018/4/21,0.0,17.8
2018/4/22,0.0,19.7
2018/4/23,0.0,15.7
2018/4/24,0.0,14.4
2018/4/25,33.0,17.6
2018/4/26,0.0,18.0
2018/4/27,0.0,16.7
2018/4/28,0.0,18.8
2018/4/29,0.0,18.7
2018/4/30,0.0,19.4
2018/5/1,0.0,21.4
2018/5/2,0.5,19.1
2018/5/3,13.0,19.7
2018/5/4,0.0,16.5
2018/5/5,0.0,17.3
2018/5/6,0.0,20.0
2018/5/7,19.0,17.7
2018/5/8,13.0,12.0
2018/5/9,25.5,11.4
2018/5/10,5.0,12.3
2018/5/11,0.0,15.2
2018/5/12,0.0,18.3
2018/5/13,36.0,16.0
2018/5/14,0.0,19.3
2018/5/15,0.0,20.5
2018/5/16,0.0,22.4
2018/5/17,0.0,23.6
2018/5/18,0.0,23.1
2018/5/19,1.0,19.5
2018/5/20,0.0,16.4
2018/5/21,0.0,19.5
2018/5/22,0.0,19.7
2018/5/23,4.0,17.2
2018/5/24,1.5,19.7
2018/5/25,0.0,21.0
2018/5/26,0.0,21.0
2018/5/27,0.0,20.7
2018/5/28,0.0,20.3
2018/5/29,0.0,21.6
2018/5/30,8.0,20.3
2018/5/31,0.0,18.5
2018/6/1,0.5,20.9
2018/6/2,0.0,21.4
2018/6/3,0.0,22.1
2018/6/4,0.0,22.8
2018/6/5,0.0,22.6
2018/6/6,12.5,19.6
2018/6/7,1.5,22.0
2018/6/8,2.5,22.8
2018/6/9,0.5,25.4
2018/6/10,14.0,18.4
2018/6/11,40.5,18.4
2018/6/12,3.5,20.1
2018/6/13,0.0,21.1
2018/6/14,0.0,20.0
2018/6/15,3.5,16.5
2018/6/16,1.5,14.8
2018/6/17,0.0,17.2
2018/6/18,0.0,17.8
2018/6/19,0.0,22.1
2018/6/20,20.0,19.9
2018/6/21,0.5,20.6
2018/6/22,0.0,22.8
2018/6/23,9.0,20.0
2018/6/24,0.5,21.3
2018/6/25,0.0,25.8
2018/6/26,0.0,25.0
2018/6/27,0.0,27.4
2018/6/28,0.0,27.0
2018/6/29,0.0,28.2
2018/6/30,0.0,28.4
2018/7/1,0.0,27.4
2018/7/2,0.0,28.2
2018/7/3,0.0,28.0
2018/7/4,0.0,27.5
2018/7/5,0.0,27.4
2018/7/6,20.0,20.7
2018/7/7,0.5,22.9
2018/7/8,0.0,26.2
2018/7/9,0.0,26.7
2018/7/10,0.0,27.5
2018/7/11,0.0,28.1
2018/7/12,1.0,25.6
2018/7/13,0.0,28.2
2018/7/14,0.0,29.7
2018/7/15,0.0,29.0
2018/7/16,0.0,29.6
2018/7/17,0.0,29.8
2018/7/18,0.0,30.2
2018/7/19,0.0,29.2
2018/7/20,0.0,29.5
2018/7/21,0.0,30.1
2018/7/22,0.0,30.8
2018/7/23,0.0,31.9
2018/7/24,0.0,29.9
2018/7/25,0.0,28.8
2018/7/26,0.0,26.2
2018/7/27,0.0,25.2
2018/7/28,72.0,23.4
2018/7/29,4.5,27.2
2018/7/30,0.0,27.3
2018/7/31,0.0,28.3
2018/8/1,0.0,30.0
2018/8/2,0.0,30.3
2018/8/3,9.5,30.1
2018/8/4,0.0,29.0
2018/8/5,0.0,30.2
2018/8/6,14.0,28.4
2018/8/7,16.0,21.7
2018/8/8,23.0,23.9
2018/8/9,5.0,27.3
2018/8/10,0.0,28.9
2018/8/11,16.0,27.4
2018/8/12,1.0,26.5
2018/8/13,2.5,26.6
2018/8/14,0.0,28.3
2018/8/15,0.0,29.0
2018/8/16,0.0,27.4
2018/8/17,0.0,24.9
2018/8/18,0.0,21.9
2018/8/19,0.0,22.6
2018/8/20,0.0,23.1
2018/8/21,0.0,26.7
2018/8/22,0.0,28.7
2018/8/23,2.0,27.8
2018/8/24,26.5,27.8
2018/8/25,0.0,30.6
2018/8/26,0.0,30.4
2018/8/27,9.5,28.4
2018/8/28,0.5,25.2
2018/8/29,0.0,25.3
2018/8/30,0.0,28.0
2018/8/31,1.5,27.3
2018/9/1,56.0,24.0
2018/9/2,23.0,20.8
2018/9/3,5.0,22.4
2018/9/4,19.0,24.7
2018/9/5,25.5,26.8
2018/9/6,0.0,25.0
2018/9/7,0.0,25.6
2018/9/8,2.5,26.9
2018/9/9,1.5,25.7
2018/9/10,20.0,24.7
2018/9/11,3.5,20.6
2018/9/12,0.0,20.0
2018/9/13,0.5,20.6
2018/9/14,8.0,20.7
2018/9/15,11.5,20.3
2018/9/16,0.0,22.7
2018/9/17,0.5,23.9
2018/9/18,0.0,23.5
2018/9/19,0.5,21.6
2018/9/20,12.5,18.9
2018/9/21,20.5,17.3
2018/9/22,0.5,21.4
2018/9/23,0.0,23.1
2018/9/24,0.0,23.6
2018/9/25,53.0,20.1
2018/9/26,30.5,16.5
2018/9/27,22.5,15.4
2018/9/28,0.0,19.5
2018/9/29,11.0,17.5
2018/9/30,59.0,19.3
2018/10/1,12.5,25.6
2018/10/2,0.0,19.9
2018/10/3,0.0,19.7
2018/10/4,0.5,18.9
2018/10/5,11.0,18.3
2018/10/6,0.0,22.8
2018/10/7,0.0,25.6
2018/10/8,0.0,20.4
2018/10/9,0.0,20.4
2018/10/10,0.5,21.0
2018/10/11,1.5,19.2
2018/10/12,1.0,18.4
2018/10/13,0.0,15.6
2018/10/14,18.5,15.3
2018/10/15,0.0,16.7
2018/10/16,0.0,16.5
2018/10/17,0.0,16.7
2018/10/18,0.0,15.9
2018/10/19,0.5,15.2
2018/10/20,0.0,16.0
2018/10/21,0.0,15.3
2018/10/22,0.0,14.3
2018/10/23,0.0,14.4
2018/10/24,0.0,16.9
2018/10/25,0.0,15.8
2018/10/26,0.0,16.0
2018/10/27,5.5,16.9
2018/10/28,0.0,15.7
2018/10/29,0.0,15.7
2018/10/30,0.0,15.5
2018/10/31,0.0,13.4
2018/11/1,0.0,13.2
2018/11/2,0.0,12.3
2018/11/3,0.0,13.0
2018/11/4,1.5,13.4
2018/11/5,0.5,16.5
2019/3/20,0.0,13.4
2019/3/21,0.0,15.4
2019/3/22,0.0,13.1
2019/3/23,0.0,5.9
2019/3/24,0.0,6.0
2019/3/25,0.0,8.2
2019/3/26,0.0,10.8
2019/3/27,0.0,12.9
2019/3/28,0.0,11.3
2019/3/29,0.0,7.0
2019/3/30,4.0,7.3
2019/3/31,1.0,9.1
2019/4/1,1.5,7.4
2019/4/2,0.0,6.0
2019/4/3,0.0,6.5
2019/4/4,0.0,9.0
2019/4/5,0.0,13.5
2019/4/6,0.0,14.0
2019/4/7,0.0,14.0
2019/4/8,16.0,8.2
2019/4/9,0.0,9.1
2019/4/10,24.5,3.5
2019/4/11,0.5,9.1
2019/4/12,0.0,8.3
2019/4/13,0.0,10.8
2019/4/14,0.0,13.0
2019/4/15,0.0,14.6
2019/4/16,0.0,13.9
2019/4/17,0.0,13.2
2019/4/18,0.0,15.9
2019/4/19,0.0,16.7
2019/4/20,0.0,13.7
2019/4/21,0.0,15.9
2019/4/22,0.0,18.5
2019/4/23,0.0,17.9
2019/4/24,1.0,17.3
2019/4/25,3.5,20.0
2019/4/26,2.5,11.6
2019/4/27,7.0,10.0
2019/4/28,0.0,12.0
2019/4/29,0.0,13.9
2019/4/30,24.5,13.7
2019/5/1,14.0,17.0
2019/5/2,0.5,17.2
2019/5/3,0.0,17.1
2019/5/4,9.5,16.2
2019/5/5,0.0,17.1
2019/5/6,0.0,17.2
2019/5/7,0.0,13.7
2019/5/8,0.0,15.0
2019/5/9,0.0,16.3
2019/5/10,0.0,19.3
2019/5/11,0.0,19.8
2019/5/12,0.0,17.2
2019/5/13,0.0,17.3
2019/5/14,0.0,17.0
2019/5/15,0.0,18.1
2019/5/16,0.0,18.6
2019/5/17,0.0,19.1
2019/5/18,0.0,18.6
2019/5/19,0.0,19.4
2019/5/20,1.5,18.6
2019/5/21,96.5,18.4
2019/5/22,0.0,18.3
2019/5/23,0.0,20.1
2019/5/24,0.0,21.4
2019/5/25,0.0,23.0
2019/5/26,0.0,23.9
2019/5/27,0.0,24.8
2019/5/28,0.0,22.4
2019/5/29,0.5,20.3
2019/5/30,0.0,20.2
2019/5/31,0.0,20.1
2019/6/1,0.0,20.7
2019/6/2,0.0,20.9
2019/6/3,0.0,21.7
2019/6/4,0.0,21.5
2019/6/5,0.0,21.4
2019/6/6,0.0,24.9
2019/6/7,21.5,20.2
2019/6/8,0.0,20.7
2019/6/9,11.5,16.4
2019/6/10,93.0,15.7
2019/6/11,5.0,17.9
2019/6/12,1.5,17.6
2019/6/13,0.0,19.9
2019/6/14,0.0,21.1
2019/6/15,56.5,16.3
2019/6/16,8.0,22.2
2019/6/17,0.0,21.8
2019/6/18,0.0,22.1
2019/6/19,0.0,22.8
2019/6/20,0.0,23.0
2019/6/21,6.0,23.1
2019/6/22,8.5,21.2
2019/6/23,1.5,20.0
2019/6/24,25.5,18.6
2019/6/25,0.5,21.6
2019/6/26,0.0,23.5
2019/6/27,0.0,24.2
2019/6/28,32.0,24.5
2019/6/29,11.5,19.5
2019/6/30,4.5,21.3
2019/7/1,1.5,22.4
2019/7/2,0.5,23.3
2019/7/3,0.5,24.0
2019/7/4,36.5,21.2
2019/7/5,0.0,21.1
2019/7/6,13.5,20.5
2019/7/7,16.5,18.9
2019/7/8,0.0,19.9
2019/7/9,0.0,18.6
2019/7/10,0.0,20.0
2019/7/11,2.5,19.2
2019/7/12,3.5,19.3
2019/7/13,0.5,22.3
2019/7/14,27.0,20.7
2019/7/15,18.0,20.4
2019/7/16,28.5,20.1
2019/7/17,0.0,23.5
2019/7/18,9.5,24.3
2019/7/19,3.5,25.4
2019/7/20,0.0,25.7
2019/7/21,1.0,24.4
2019/7/22,2.5,21.7
2019/7/23,0.0,24.7
2019/7/24,0.0,25.7
2019/7/25,0.0,27.0
2019/7/26,13.0,26.8
2019/7/27,21.0,27.5
2019/7/28,14.5,27.6
2019/7/29,0.0,28.6
2019/7/30,0.0,29.0
2019/7/31,0.0,29.9
2019/8/1,12.0,29.1
2019/8/2,0.0,29.4
2019/8/3,0.0,29.2
2019/8/4,0.0,29.0
2019/8/5,0.0,28.9
2019/8/6,0.0,29.3
2019/8/7,0.0,29.4
2019/8/8,0.0,29.3
2019/8/9,0.0,29.4
2019/8/10,0.0,28.7
2019/8/11,0.0,28.7
2019/8/12,0.0,28.5
2019/8/13,0.0,28.0
2019/8/14,16.0,27.6
2019/8/15,9.5,27.5
2019/8/16,0.5,28.4
2019/8/17,0.0,29.4
2019/8/18,0.0,28.6
2019/8/19,77.5,27.1
2019/8/20,27.0,24.9
2019/8/21,1.0,25.7
2019/8/22,0.5,24.7
2019/8/23,5.0,25.0
2019/8/24,0.5,26.4
2019/8/25,3.5,25.1
2019/8/26,13.0,23.7
2019/8/27,0.5,24.3
2019/8/28,8.0,23.1
2019/8/29,0.5,26.5
2019/8/30,11.5,24.4
2019/8/31,0.0,26.2
2019/9/1,0.0,26.6
2019/9/2,0.0,26.7
2019/9/3,3.0,24.3
2019/9/4,0.5,22.2
2019/9/5,0.0,23.5
2019/9/6,0.0,26.6
2019/9/7,0.0,27.3
2019/9/8,16.0,27.1
2019/9/9,75.0,28.3
2019/9/10,3.5,28.2
2019/9/11,17.5,26.3
2019/9/12,0.0,24.5
2019/9/13,0.0,21.1
2019/9/14,0.0,20.5
2019/9/15,0.0,24.5
2019/9/16,16.0,23.3
2019/9/17,0.0,25.4
2019/9/18,6.0,20.8
2019/9/19,0.0,21.3
2019/9/20,0.0,21.9
2019/9/21,0.5,20.3
2019/9/22,16.5,21.3
2019/9/23,2.0,25.0
2019/9/24,0.0,24.4
2019/9/25,0.0,23.0
2019/9/26,0.0,21.7
2019/9/27,0.0,22.4
2019/9/28,0.0,22.9
2019/9/29,0.0,23.2
2019/9/30,0.0,23.7
2019/10/1,0.0,23.2
2019/10/2,0.0,23.2
2019/10/3,0.0,22.9
2019/10/4,10.0,23.4
2019/10/5,0.0,25.0
2019/10/6,0.0,19.8
2019/10/7,7.5,19.2
2019/10/8,1.5,19.5
2019/10/9,0.0,19.2
2019/10/10,1.5,19.0
2019/10/11,18.5,19.2
2019/10/12,342.0,22.3
2019/10/13,0.5,23.5
2019/10/14,7.5,16.1
2019/10/15,2.5,16.9
2019/10/16,0.0,14.6
2019/10/17,6.5,14.9
2019/10/18,13.0,15.1
2019/10/19,29.0,17.4
2019/10/20,0.0,19.5
2019/10/21,8.0,17.4
2019/10/22,58.0,14.9
2019/10/23,0.0,18.0
2019/10/24,1.5,16.8
2019/10/25,107.0,14.5
2019/10/26,0.0,18.2
2019/10/27,0.0,17.0
2019/10/28,0.0,16.1
2019/10/29,12.0,13.6
2019/10/30,0.0,15.7
2019/10/31,0.0,15.6
2019/11/1,0.0,16.2
2019/11/2,0.0,13.8
2019/11/3,18.0,14.2
2019/11/4,0.0,13.9
2019/11/5,0.0,12.4
2020/3/20,0.0,12.5
2020/3/21,0.0,12.0
2020/3/22,0.0,14.8
2020/3/23,0.0,9.2
2020/3/24,0.0,6.7
2020/3/25,0.0,8.1
2020/3/26,0.0,11.8
2020/3/27,0.0,14.3
2020/3/28,9.5,14.9
2020/3/29,45.5,2.8
2020/3/30,0.0,5.5
2020/3/31,0.5,7.8
2020/4/1,23.5,10.3
2020/4/2,0.0,12.9
2020/4/3,0.0,10.7
2020/4/4,0.0,13.7
2020/4/5,0.0,9.5
2020/4/6,0.0,10.5
2020/4/7,0.0,10.7
2020/4/8,0.0,12.4
2020/4/9,3.5,11.5
2020/4/10,0.0,9.4
2020/4/11,0.0,10.8
2020/4/12,2.5,9.1
2020/4/13,88.0,7.3
2020/4/14,0.5,10.0
2020/4/15,0.0,12.1
2020/4/16,2.0,10.8
2020/4/17,0.0,11.1
2020/4/18,132.5,11.7
2020/4/19,0.0,13.8
2020/4/20,9.5,9.0
2020/4/21,0.0,13.9
2020/4/22,0.0,12.5
2020/4/23,0.0,10.5
2020/4/24,3.0,10.5
2020/4/25,0.0,11.0
2020/4/26,0.0,15.6
2020/4/27,20.0,11.5
2020/4/28,1.0,11.7
2020/4/29,0.0,13.8
2020/4/30,0.0,16.2
2020/5/1,0.0,17.9
2020/5/2,0.0,20.1
2020/5/3,0.0,20.3
2020/5/4,2.0,18.7
2020/5/5,25.5,20.0
2020/5/6,14.5,14.4
2020/5/7,0.0,15.7
2020/5/8,0.0,14.7
2020/5/9,1.5,15.1
2020/5/10,0.0,19.3
2020/5/11,0.0,22.8
2020/5/12,0.0,20.1
2020/5/13,0.0,20.1
2020/5/14,0.0,19.4
2020/5/15,0.0,20.0
2020/5/16,10.0,17.6
2020/5/17,0.0,20.9
2020/5/18,2.5,18.3
2020/5/19,48.5,16.6
2020/5/20,7.0,11.7
2020/5/21,3.0,11.0
2020/5/22,0.0,15.1
2020/5/23,0.0,18.4
2020/5/24,0.0,19.9
2020/5/25,0.0,20.6
2020/5/26,0.5,20.2
2020/5/27,0.0,20.7
2020/5/28,6.0,19.5
2020/5/29,0.0,19.9
2020/5/30,0.0,20.7
2020/5/31,0.0,19.7
2020/6/1,4.5,18.3
2020/6/2,1.0,21.2
2020/6/3,0.0,23.2
2020/6/4,0.0,22.8
2020/6/5,0.0,23.6
2020/6/6,33.0,23.0
2020/6/7,0.0,21.9
2020/6/8,0.0,22.4
2020/6/9,0.0,24.6
2020/6/10,0.0,25.3
2020/6/11,2.0,24.3
2020/6/12,7.5,25.4
2020/6/13,60.5,20.7
2020/6/14,2.5,20.9
2020/6/15,0.5,25.5
2020/6/16,0.5,24.5
2020/6/17,0.0,23.3
2020/6/18,2.0,21.4
2020/6/19,32.5,18.0
2020/6/20,0.0,22.2
2020/6/21,1.0,20.6
2020/6/22,13.5,18.8
2020/6/23,1.5,21.6
2020/6/24,0.0,22.1
2020/6/25,9.5,20.1
2020/6/26,0.0,23.6
2020/6/27,0.0,25.1
2020/6/28,42.0,22.1
2020/6/29,0.0,24.1
2020/6/30,14.5,23.2
2020/7/1,25.0,24.4
2020/7/2,0.5,26.0
2020/7/3,11.0,23.3
2020/7/4,30.5,20.6
2020/7/5,0.5,23.5
2020/7/6,9.5,23.7
2020/7/7,1.5,26.2
2020/7/8,20.0,24.3
2020/7/9,14.5,22.9
2020/7/10,2.0,23.9
2020/7/11,6.5,25.2
2020/7/12,0.0,25.4
2020/7/13,3.0,20.4
2020/7/14,6.5,20.6
2020/7/15,5.5,19.5
2020/7/16,0.5,20.2
2020/7/17,16.5,19.2
2020/7/18,8.0,20.1
2020/7/19,0.0,23.8
2020/7/20,18.5,25.4
2020/7/21,2.5,24.2
2020/7/22,43.5,25.7
2020/7/23,35.0,22.0
2020/7/24,1.5,23.5
2020/7/25,53.5,23.2
2020/7/26,27.0,23.5
2020/7/27,2.0,24.3
2020/7/28,4.5,24.4
2020/7/29,1.0,21.8
2020/7/30,0.5,22.3
2020/7/31,0.5,24.5
2020/8/1,1.0,25.4
2020/8/2,0.0,25.4
2020/8/3,0.0,26.4
2020/8/4,0.0,27.3
2020/8/5,0.0,28.5
2020/8/6,0.0,27.8
2020/8/7,0.0,28.9
2020/8/8,0.0,27.2
2020/8/9,0.0,27.5
2020/8/10,0.0,29.0
2020/8/11,0.0,31.2
2020/8/12,4.0,28.3
2020/8/13,0.5,28.7
2020/8/14,0.0,28.7
2020/8/15,0.0,30.2
2020/8/16,0.0,30.6
2020/8/17,0.0,29.3
2020/8/18,0.0,29.6
2020/8/19,0.0,28.5
2020/8/20,0.0,28.8
2020/8/21,0.0,29.3
2020/8/22,0.5,28.3
2020/8/23,0.0,25.9
2020/8/24,0.0,27.2
2020/8/25,0.0,27.3
2020/8/26,3.0,28.4
2020/8/27,2.5,28.4
2020/8/28,0.0,28.8
2020/8/29,0.0,29.2
2020/8/30,0.0,29.1
2020/8/31,4.5,26.9
2020/9/1,1.5,23.5
2020/9/2,23.5,26.0
2020/9/3,7.0,27.4
2020/9/4,0.0,27.4
2020/9/5,12.0,27.6
2020/9/6,24.0,24.7
2020/9/7,7.0,24.7
2020/9/8,0.0,27.7
2020/9/9,0.5,27.3
2020/9/10,0.0,26.1
2020/9/11,0.0,27.0
2020/9/12,21.0,22.8
2020/9/13,1.0,22.3
2020/9/14,2.5,22.2
2020/9/15,0.0,23.0
2020/9/16,2.5,22.6
2020/9/17,0.0,23.9
2020/9/18,0.0,25.8
2020/9/19,0.0,23.0
2020/9/20,0.5,20.3
2020/9/21,0.0,20.5
2020/9/22,0.5,21.4
2020/9/23,8.5,19.0
2020/9/24,5.0,18.1
2020/9/25,14.5,18.7
2020/9/26,8.0,17.5
2020/9/27,6.5,18.6
2020/9/28,0.0,20.2
2020/9/29,0.0,18.2
2020/9/30,0.0,18.3
2020/10/1,0.5,18.0
2020/10/2,0.0,19.6
2020/10/3,0.0,20.1
2020/10/4,0.0,19.7
2020/10/5,0.0,20.0
2020/10/6,0.0,19.0
2020/10/7,7.5,17.2
2020/10/8,51.5,13.8
2020/10/9,36.5,13.8
2020/10/10,68.5,15.5
2020/10/11,0.5,19.5
2020/10/12,0.0,19.9
2020/10/13,0.0,20.5
2020/10/14,0.0,18.4
2020/10/15,0.0,16.2
2020/10/16,0.0,14.5
2020/10/17,17.5,11.6
2020/10/18,0.0,13.2
2020/10/19,6.0,12.0
2020/10/20,0.0,13.6
2020/10/21,0.0,14.5
2020/10/22,0.0,15.6
2020/10/23,8.5,16.1
2020/10/24,0.0,15.5
2020/10/25,0.0,13.4
2020/10/26,0.0,15.3
2020/10/27,0.0,14.3
2020/10/28,0.0,14.9
2020/10/29,0.0,15.1
2020/10/30,0.0,13.2
2020/10/31,0.0,11.0
2020/11/1,0.0,12.5
2020/11/2,0.5,13.5
2020/11/3,4.0,14.2
2020/11/4,0.0,12.0
2020/11/5,0.0,11.3
2021/3/20,0.0,11.9
2021/3/21,26.5,13.9
2021/3/22,1.0,10.3
2021/3/23,0.0,8.8
2021/3/24,0.0,11.0
2021/3/25,0.0,11.5
2021/3/26,0.0,12.3
2021/3/27,0.0,11.6
2021/3/28,0.0,14.4
2021/3/29,29.0,16.3
2021/3/30,0.0,16.7
2021/3/31,0.0,16.5
2021/4/1,0.0,15.5
2021/4/2,0.0,14.6
2021/4/3,0.0,15.5
2021/4/4,2.5,15.2
2021/4/5,2.5,12.3
2021/4/6,0.0,9.3
2021/4/7,0.0,12.0
2021/4/8,0.0,12.6
2021/4/9,0.0,10.0
2021/4/10,0.0,9.5
2021/4/11,0.0,11.0
2021/4/12,0.0,13.0
2021/4/13,0.0,14.0
2021/4/14,16.0,13.8
2021/4/15,0.0,10.3
2021/4/16,0.0,12.4
2021/4/17,39.0,13.3
2021/4/18,4.5,14.3
2021/4/19,0.0,13.5
2021/4/20,0.0,15.2
2021/4/21,0.0,18.4
2021/4/22,0.0,16.7
2021/4/23,0.0,13.2
2021/4/24,0.0,14.0
2021/4/25,0.0,14.3
2021/4/26,0.0,11.7
2021/4/27,0.0,12.5
2021/4/28,0.0,16.7
2021/4/29,17.5,15.7
2021/4/30,0.5,18.0
2021/5/1,14.5,15.6
2021/5/2,1.5,15.1
2021/5/3,0.0,14.6
2021/5/4,0.0,16.4
2021/5/5,0.0,17.2
2021/5/6,0.0,19.0
2021/5/7,1.0,16.2
2021/5/8,0.0,18.7
2021/5/9,0.0,20.8
2021/5/10,0.0,18.3
2021/5/11,0.0,15.9
2021/5/12,0.0,16.2
2021/5/13,1.5,15.1
2021/5/14,0.5,19.8
2021/5/15,0.0,20.5
2021/5/16,1.5,18.5
2021/5/17,0.0,21.6
2021/5/18,2.0,18.8
2021/5/19,8.0,16.5
2021/5/20,2.5,17.8
2021/5/21,7.5,19.1
2021/5/22,6.5,18.1
2021/5/23,0.0,18.3
2021/5/24,0.0,20.7
2021/5/25,0.0,21.3
2021/5/26,0.0,20.1
2021/5/27,30.0,15.8
2021/5/28,0.0,19.3
2021/5/29,0.0,21.4
2021/5/30,7.0,20.2
2021/5/31,5.5,19.4
2021/6/1,0.5,19.5
2021/6/2,0.0,20.7
2021/6/3,0.0,20.9
2021/6/4,17.0,20.3
2021/6/5,0.0,20.9
2021/6/6,0.5,20.8
2021/6/7,0.0,22.5
2021/6/8,0.0,22.7
2021/6/9,0.0,23.4
2021/6/10,0.0,23.0
2021/6/11,0.0,22.7
2021/6/12,0.0,22.0
2021/6/13,0.5,22.7
2021/6/14,4.5,21.5
2021/6/15,1.5,23.1
2021/6/16,6.5,20.9
2021/6/17,2.5,20.6
2021/6/18,0.0,21.6
2021/6/19,10.0,19.6
2021/6/20,6.0,22.3
2021/6/21,0.0,22.2
2021/6/22,0.0,22.5
2021/6/23,34.5,20.5
2021/6/24,0.5,21.3
2021/6/25,0.5,22.1
2021/6/26,0.0,23.3
2021/6/27,0.0,22.4
2021/6/28,0.0,23.6
2021/6/29,30.5,21.2
2021/6/30,3.5,19.6
2021/7/1,45.0,20.4
2021/7/2,56.0,20.2
2021/7/3,24.5,21.8
2021/7/4,18.5,19.5
2021/7/5,5.5,21.3
2021/7/6,0.0,23.8
2021/7/7,1.0,25.2
2021/7/8,13.5,22.6
2021/7/9,9.0,22.6
2021/7/10,21.5,26.5
2021/7/11,23.5,23.9
2021/7/12,0.5,24.0
2021/7/13,0.5,24.3
2021/7/14,4.5,24.2
2021/7/15,102.0,24.3
2021/7/16,0.0,26.1
2021/7/17,0.0,26.2
2021/7/18,0.0,26.6
2021/7/19,0.0,28.0
2021/7/20,0.0,27.8
2021/7/21,0.0,27.7
2021/7/22,0.0,27.3
2021/7/23,0.0,27.5
2021/7/24,0.0,27.5
2021/7/25,0.0,27.4
2021/7/26,0.0,27.1
2021/7/27,12.5,24.5
2021/7/28,7.5,26.4
2021/7/29,0.0,26.2
2021/7/30,17.5,25.4
2021/7/31,4.5,26.8
2021/8/1,0.0,27.6
2021/8/2,3.0,26.9
2021/8/3,0.0,28.2
2021/8/4,0.0,28.5
2021/8/5,0.0,29.2
2021/8/6,0.5,28.3
2021/8/7,13.0,26.8
2021/8/8,66.5,25.8
2021/8/9,0.5,27.6
2021/8/10,0.0,30.6
2021/8/11,0.0,27.7
2021/8/12,1.5,24.5
2021/8/13,32.0,20.9
2021/8/14,28.0,20.4
2021/8/15,44.5,18.9
2021/8/16,3.0,20.0
2021/8/17,4.0,22.1
2021/8/18,3.0,25.4
2021/8/19,0.0,26.5
2021/8/20,0.0,27.0
2021/8/21,0.0,26.2
2021/8/22,0.0,27.5
2021/8/23,1.0,26.6
2021/8/24,0.5,26.4
2021/8/25,0.0,27.5
2021/8/26,0.0,29.6
2021/8/27,0.0,29.3
2021/8/28,0.0,28.9
2021/8/29,0.0,27.1
2021/8/30,0.0,28.6
2021/8/31,27.0,25.2
2021/9/1,2.5,19.5
2021/9/2,23.5,18.5
2021/9/3,17.0,18.9
2021/9/4,43.0,19.4
2021/9/5,2.0,20.2
2021/9/6,4.5,18.6
2021/9/7,0.0,19.5
2021/9/8,0.0,19.3
2021/9/9,14.5,19.9
2021/9/10,0.0,24.0
2021/9/11,0.5,23.3
2021/9/12,0.0,23.1
2021/9/13,0.0,24.1
2021/9/14,4.0,21.7
2021/9/15,3.5,22.4
2021/9/16,0.0,21.5
2021/9/17,6.0,20.3
2021/9/18,62.5,21.5
2021/9/19,0.0,23.2
2021/9/20,0.0,21.2
2021/9/21,0.0,21.7
2021/9/22,1.0,24.1
2021/9/23,0.0,24.9
2021/9/24,0.0,23.5
2021/9/25,0.0,20.6
2021/9/26,0.0,18.3
2021/9/27,0.0,18.9
2021/9/28,0.0,20.2
2021/9/29,0.0,21.0
2021/9/30,1.5,21.6
2021/10/1,65.5,18.3
2021/10/2,0.0,21.6
2021/10/3,0.0,20.9
2021/10/4,0.0,21.9
2021/10/5,0.0,22.0
2021/10/6,0.0,21.5
2021/10/7,0.0,19.1
2021/10/8,0.0,22.8
2021/10/9,0.0,21.2
2021/10/10,0.0,21.1
2021/10/11,0.0,22.2
2021/10/12,4.0,19.3
2021/10/13,21.5,16.2
2021/10/14,0.0,18.3
2021/10/15,0.0,19.2
2021/10/16,0.0,19.6
2021/10/17,12.0,14.7
2021/10/18,0.0,11.9
2021/10/19,2.5,12.6
2021/10/20,0.0,15.0
2021/10/21,0.0,13.3
2021/10/22,8.0,10.6
2021/10/23,0.0,12.7
2021/10/24,0.0,11.7
2021/10/25,4.5,12.6
2021/10/26,13.0,14.5
2021/10/27,1.5,13.3
2021/10/28,0.0,15.9
2021/10/29,0.0,13.7
2021/10/30,0.0,12.5
2021/10/31,0.5,12.8
2021/11/1,0.0,15.4
2021/11/2,0.0,15.6
2021/11/3,0.0,15.6
2021/11/4,0.0,13.3
2021/11/5,0.0,13.0
2022/3/20,0.0,8.8
2022/3/21,0.0,8.7
2022/3/22,14.0,2.8
2022/3/23,0.5,4.7
2022/3/24,0.5,7.2
2022/3/25,0.0,10.6
2022/3/26,0.5,13.8
2022/3/27,0.0,14.9
2022/3/28,0.5,11.1
2022/3/29,0.0,8.5
2022/3/30,0.0,13.5
2022/3/31,11.0,13.4
2022/4/1,13.5,6.7
2022/4/2,0.0,7.3
2022/4/3,21.0,6.9
2022/4/4,41.0,8.1
2022/4/5,0.5,12.2
2022/4/6,0.0,14.6
2022/4/7,0.0,13.0
2022/4/8,0.0,13.9
2022/4/9,0.0,15.7
2022/4/10,0.0,18.0
2022/4/11,0.0,17.2
2022/4/12,0.0,18.3
2022/4/13,0.0,19.8
2022/4/14,1.5,12.6
2022/4/15,10.0,9.4
2022/4/16,0.5,11.1
2022/4/17,0.0,11.6
2022/4/18,21.5,12.1
2022/4/19,1.0,13.8
2022/4/20,2.0,11.1
2022/4/21,5.0,14.5
2022/4/22,19.5,18.4
2022/4/23,0.0,20.4
2022/4/24,2.0,16.3
2022/4/25,0.0,18.9
2022/4/26,6.0,19.6
2022/4/27,3.5,21.4
2022/4/28,0.0,15.7
2022/4/29,30.5,11.9
2022/4/30,0.0,11.8
2022/5/1,8.0,10.9
2022/5/2,2.5,12.1
2022/5/3,0.0,13.6
2022/5/4,0.0,16.1
2022/5/5,0.0,18.7
2022/5/6,0.0,17.8
2022/5/7,0.0,17.9
2022/5/8,0.0,16.7
2022/5/9,6.0,12.1
2022/5/10,0.5,14.8
2022/5/11,0.0,17.2
2022/5/12,1.0,17.8
2022/5/13,18.0,17.3
2022/5/14,8.5,20.4
2022/5/15,0.0,17.1
2022/5/16,2.5,13.6
2022/5/17,0.0,14.7
2022/5/18,0.0,17.5
2022/5/19,0.0,18.7
2022/5/20,0.0,19.3
2022/5/21,16.5,17.1
2022/5/22,0.5,18.7
2022/5/23,2.0,18.6
2022/5/24,0.0,20.0
2022/5/25,0.0,20.3
2022/5/26,0.0,20.2
2022/5/27,69.5,20.0
2022/5/28,0.0,20.9
2022/5/29,0.0,22.6
2022/5/30,0.0,21.2
2022/5/31,7.5,17.9
2022/6/1,0.0,20.9
2022/6/2,0.0,20.7
2022/6/3,8.5,19.3
2022/6/4,0.0,19.4
2022/6/5,0.5,20.0
2022/6/6,77.5,14.8
2022/6/7,11.0,15.8
2022/6/8,0.0,16.0
2022/6/9,1.0,18.2
2022/6/10,0.5,20.0
2022/6/11,11.0,20.1
2022/6/12,13.5,20.3
2022/6/13,0.0,20.2
2022/6/14,4.0,15.6
2022/6/15,3.5,15.9
2022/6/16,0.0,19.0
2022/6/17,0.0,21.7
2022/6/18,2.0,21.5
2022/6/19,0.0,23.8
2022/6/20,0.0,24.8
2022/6/21,0.0,24.5
2022/6/22,5.0,22.7
2022/6/23,3.5,22.3
2022/6/24,0.0,26.7
2022/6/25,0.0,30.3
2022/6/26,0.0,27.8
2022/6/27,0.0,27.8
2022/6/28,0.0,29.0
2022/6/29,0.0,29.9
2022/6/30,0.0,30.7
2022/7/1,0.0,29.6
2022/7/2,0.0,29.1
2022/7/3,0.0,27.4
2022/7/4,7.5,24.7
2022/7/5,2.0,24.9
2022/7/6,3.0,25.6
2022/7/7,0.0,25.4
2022/7/8,0.0,25.7
2022/7/9,0.0,25.4
2022/7/10,0.0,26.7
2022/7/11,2.0,27.5
2022/7/12,45.0,25.0
2022/7/13,10.0,23.0
2022/7/14,4.5,23.0
2022/7/15,28.0,22.9
2022/7/16,8.5,22.4
2022/7/17,1.5,25.2
2022/7/18,0.0,26.7
2022/7/19,0.5,25.6
2022/7/20,0.0,27.6
2022/7/21,0.0,26.9
2022/7/22,1.5,27.3
2022/7/23,0.5,28.1
2022/7/24,0.0,28.0
2022/7/25,0.0,28.1
2022/7/26,3.5,26.4
2022/7/27,0.0,28.5
2022/7/28,3.0,27.6
2022/7/29,0.0,27.9
2022/7/30,0.0,29.6
2022/7/31,0.0,30.6
2022/8/1,0.5,30.7
2022/8/2,0.0,31.1
2022/8/3,0.0,31.4
2022/8/4,9.5,24.5
2022/8/5,1.5,23.2
2022/8/6,0.0,24.3
2022/8/7,0.0,26.2
2022/8/8,0.0,29.1
2022/8/9,0.0,30.8
2022/8/10,0.0,30.0
2022/8/11,0.0,28.7
2022/8/12,9.5,27.1
2022/8/13,110.5,24.2
2022/8/14,0.5,26.3
2022/8/15,0.0,28.2
2022/8/16,0.0,28.9
2022/8/17,21.0,25.9
2022/8/18,7.0,24.4
2022/8/19,0.0,26.4
2022/8/20,2.0,25.0
2022/8/21,0.5,24.9
2022/8/22,0.0,25.7
2022/8/23,0.0,27.8
2022/8/24,0.0,27.0
2022/8/25,0.0,25.0
2022/8/26,0.0,26.6
2022/8/27,0.0,27.6
2022/8/28,12.0,22.5
2022/8/29,3.0,21.8
2022/8/30,2.0,21.5
2022/8/31,0.5,26.0
2022/9/1,49.0,25.4
2022/9/2,16.5,22.5
2022/9/3,0.0,23.5
2022/9/4,10.0,24.9
2022/9/5,0.0,25.8
2022/9/6,0.0,26.5
2022/9/7,18.0,25.2
2022/9/8,15.0,22.6
2022/9/9,0.5,24.2
2022/9/10,0.5,24.6
2022/9/11,0.0,23.6
2022/9/12,0.0,25.5
2022/9/13,0.0,25.9
2022/9/14,0.0,25.9
2022/9/15,0.0,22.4
2022/9/16,0.0,23.9
2022/9/17,0.0,25.1
2022/9/18,85.5,23.9
2022/9/19,48.5,26.1
2022/9/20,15.5,22.3
2022/9/21,0.5,18.4
2022/9/22,0.5,18.8
2022/9/23,46.5,20.7
2022/9/24,35.5,22.5
2022/9/25,0.0,22.0
2022/9/26,0.0,22.4
2022/9/27,0.0,22.6
2022/9/28,0.0,21.8
2022/9/29,0.0,21.4
2022/9/30,0.0,21.9
2022/10/1,0.0,21.8
2022/10/2,0.0,21.6
2022/10/3,0.0,21.5
2022/10/4,0.0,22.7
2022/10/5,9.5,18.6
2022/10/6,14.5,12.2
2022/10/7,50.5,11.9
2022/10/8,0.0,15.7
2022/10/9,7.5,16.3
2022/10/10,4.5,15.6
2022/10/11,0.0,18.7
2022/10/12,1.5,16.6
2022/10/13,8.5,15.2
2022/10/14,7.0,17.0
2022/10/15,0.0,19.3
2022/10/16,0.0,19.0
2022/10/17,1.0,18.7
2022/10/18,11.0,15.6
2022/10/19,0.5,13.2
2022/10/20,0.0,12.9
2022/10/21,0.0,14.5
2022/10/22,0.0,14.6
2022/10/23,0.0,16.6
2022/10/24,4.0,11.5
2022/10/25,1.5,11.0
2022/10/26,0.0,11.6
2022/10/27,0.0,10.7
2022/10/28,0.0,12.1
2022/10/29,0.0,13.8
2022/10/30,0.0,12.1
2022/10/31,0.0,12.3
2022/11/1,0.0,13.3
2022/11/2,0.0,14.9
2022/11/3,0.0,15.2
2022/11/4,0.0,14.0
2022/11/5,0.0,12.0
